generation,member,obj1,obj2,obj1_sd,obj2_sd,obj1_sd_syn,obj2_sd_syn,nsga2_front,nsga2_crowding_distance,nn_count,spea2_unconstrained_fitness,spea2_constrained_fitness,is_feasible,feasible_distance
0,gen=53_member=424_pso,0.536256,0.717053,0,0,0.0869379,0.0844909,1,1,0,0.475302,0.475302,1,-999
0,gen=53_member=422_pso,0.913471,0.172866,0,0,0.0869379,0.0844909,1,1,0,0.409422,0.409422,1,-999
0,gen=52_member=395_pso,0.360033,0.834154,0,0,0.0869379,0.0844909,1,1,0,0.452165,0.452165,1,-999
0,gen=52_member=387_pso,0.451516,0.777215,0,0,0.0869379,0.0844909,1,1,0,0.474438,0.474438,1,-999
0,gen=52_member=373_pso,0.13103,0.933284,0,0,0.0869379,0.0844909,1,1,0,0.424364,0.424364,1,-999
0,gen=51_member=367_pso,0.65441,0.609303,0,0,0.0869379,0.0844909,1,1,0,0.483922,0.483922,1,-999
0,gen=51_member=345_pso,0.709838,0.545336,0,0,0.0869379,0.0844909,1,1,0,0.479699,0.479699,1,-999
0,gen=50_member=332_pso,0.613032,0.65091,0,0,0.0869379,0.0844909,1,1,0,0.475887,0.475887,1,-999
0,gen=50_member=327_pso,0.69854,0.559627,0,0,0.0869379,0.0844909,1,0.25,1,0.483922,0.483922,1,-999
1,gen=53_member=424_pso,0.536256,0.717053,0,0,0.0322612,0.0302844,1,1,0,0.475887,0.475887,1,-999
1,gen=53_member=422_pso,0.913471,0.172866,0,0,0.0322612,0.0302844,1,0.444444,1,0.440716,0.440716,1,-999
1,gen=52_member=395_pso,0.360033,0.834154,0,0,0.0322612,0.0302844,1,1,0,0.466134,0.466134,1,-999
1,gen=52_member=387_pso,0.451516,0.777215,0,0,0.0322612,0.0302844,1,1,0,0.475302,0.475302,1,-999
1,gen=52_member=373_pso,0.13103,0.933284,0,0,0.0322612,0.0302844,1,1,0,0.4435,0.4435,1,-999
1,gen=51_member=367_pso,0.65441,0.609303,0,0,0.0322612,0.0302844,1,1,0,0.482532,0.482532,1,-999
1,gen=51_member=345_pso,0.709838,0.545336,0,0,0.0322612,0.0302844,1,1,0,0.47762,0.47762,1,-999
1,gen=50_member=332_pso,0.613032,0.65091,0,0,0.0322612,0.0302844,1,1,0,0.475887,0.475887,1,-999
1,gen=50_member=327_pso,0.69854,0.559627,0,0,0.0322612,0.0302844,1,0.444444,1,0.475538,0.475538,1,-999
1,gen=54_member=50_pso,0.715227,0.539791,0.0028144,0.00269788,0.0322612,0.0302844,1,1,0,0.47791,0.47791,1,-999
1,gen=54_member=48_pso,0.0603117,0.956838,0.00293571,0.00352833,0.0322612,0.0302844,1,1,0,0.429357,0.429357,1,-999
1,gen=54_member=47_pso,0.816334,0.38452,0.00354309,0.00276189,0.0322612,0.0302844,1,1,0,0.45859,0.45859,1,-999
1,gen=54_member=46_pso,0.922836,0.154677,0.00377923,0.00299693,0.0322612,0.0302844,1,1,0,0.436788,0.436788,1,-999
1,gen=54_member=40_pso,0.76945,0.469372,0.00398181,0.00377735,0.0322612,0.0302844,1,1,0,0.476883,0.476883,1,-999
1,gen=54_member=38_pso,0.0517829,0.972355,0.00444491,0.00428511,0.0322612,0.0302844,1,1,1,0.426796,0.426796,1,-999
1,gen=54_member=34_pso,0.304237,0.863529,0.00295783,0.00314175,0.0322612,0.0302844,1,1,0,0.457294,0.457294,1,-999
1,gen=54_member=33_pso,0.629599,0.635891,0.0027502,0.00277856,0.0322612,0.0302844,1,1,0,0.475538,0.475538,1,-999
1,gen=54_member=44_pso,0.462617,0.770322,0.00267959,0.00303655,0.0322612,0.0302844,1,0.444444,1,0.47268,0.47268,1,-999
1,gen=54_member=43_pso,0.605279,0.662331,0.00281596,0.00280423,0.0322612,0.0302844,1,0.444444,1,0.478888,0.478888,1,-999
1,gen=54_member=42_pso,0.802319,0.417834,0.00314988,0.00268038,0.0322612,0.0302844,1,0.444444,1,0.463485,0.463485,1,-999
1,gen=54_member=37_pso,0.768297,0.472202,0.00282687,0.00288686,0.0322612,0.0302844,1,0.444444,1,0.476195,0.476195,1,-999
1,gen=54_member=36_pso,0.654973,0.616805,0.00314372,0.00290628,0.0322612,0.0302844,1,0.444444,1,0.482623,0.482623,1,-999
1,gen=54_member=35_pso,0.364643,0.83167,0.00302653,0.00309233,0.0322612,0.0302844,1,0.444444,1,0.467294,0.467294,1,-999
1,gen=54_member=31_pso,0.895547,0.222222,0.00336544,0.00282969,0.0322612,0.0302844,1,0.444444,1,0.451123,0.451123,1,-999
1,gen=54_member=30_pso,0.88686,0.247983,0.00323395,0.00222185,0.0322612,0.0302844,1,0.444444,1,0.456678,0.456678,1,-999
1,gen=54_member=41_pso,0.488279,0.766031,0.00363623,0.00349673,0.0322612,0.0302844,1,0.111111,2,0.467294,0.467294,1,-999
1,gen=54_member=32_pso,0.536652,0.744242,0.0107481,0.0113649,0.0322612,0.0302844,1,0.111111,2,0.474497,0.474497,1,-999
2,gen=54_member=50_pso,0.715227,0.539791,0.0028144,0.00269788,0.0317586,0.0320646,1,1,0,0.47791,0.47791,1,-999
2,gen=54_member=48_pso,0.0603117,0.956838,0.00293571,0.00352833,0.0317586,0.0320646,1,1,0,0.429357,0.429357,1,-999
2,gen=54_member=47_pso,0.816334,0.38452,0.00354309,0.00276189,0.0317586,0.0320646,1,1,0,0.45859,0.45859,1,-999
2,gen=54_member=46_pso,0.922836,0.154677,0.00377923,0.00299693,0.0317586,0.0320646,1,1,0,0.44379,0.44379,1,-999
2,gen=54_member=40_pso,0.76945,0.469372,0.00398181,0.00377735,0.0317586,0.0320646,1,1,0,0.476883,0.476883,1,-999
2,gen=54_member=38_pso,0.0517829,0.972355,0.00444491,0.00428511,0.0317586,0.0320646,1,1,1,0.426796,0.426796,1,-999
2,gen=54_member=34_pso,0.304237,0.863529,0.00295783,0.00314175,0.0317586,0.0320646,1,1,0,0.457294,0.457294,1,-999
2,gen=54_member=33_pso,0.629599,0.635891,0.0027502,0.00277856,0.0317586,0.0320646,1,1,0,0.49102,0.49102,1,-999
2,gen=53_member=424_pso,0.536256,0.717053,0,0,0.0317586,0.0320646,1,1,0,0.475887,0.475887,1,-999
2,gen=52_member=395_pso,0.360033,0.834154,0,0,0.0317586,0.0320646,1,1,0,0.466134,0.466134,1,-999
2,gen=52_member=387_pso,0.451516,0.777215,0,0,0.0317586,0.0320646,1,1,0,0.475302,0.475302,1,-999
2,gen=52_member=373_pso,0.13103,0.933284,0,0,0.0317586,0.0320646,1,1,0,0.4435,0.4435,1,-999
2,gen=51_member=367_pso,0.65441,0.609303,0,0,0.0317586,0.0320646,1,1,0,0.483922,0.483922,1,-999
2,gen=51_member=345_pso,0.709838,0.545336,0,0,0.0317586,0.0320646,1,1,0,0.47762,0.47762,1,-999
2,gen=50_member=332_pso,0.613032,0.65091,0,0,0.0317586,0.0320646,1,1,0,0.485748,0.485748,1,-999
2,gen=54_member=44_pso,0.462617,0.770322,0.00267959,0.00303655,0.0317586,0.0320646,1,0.5625,1,0.47268,0.47268,1,-999
2,gen=54_member=43_pso,0.605279,0.662331,0.00281596,0.00280423,0.0317586,0.0320646,1,0.5625,1,0.482532,0.482532,1,-999
2,gen=54_member=42_pso,0.802319,0.417834,0.00314988,0.00268038,0.0317586,0.0320646,1,0.5625,1,0.463485,0.463485,1,-999
2,gen=54_member=37_pso,0.768297,0.472202,0.00282687,0.00288686,0.0317586,0.0320646,1,0.5625,1,0.476195,0.476195,1,-999
2,gen=54_member=36_pso,0.654973,0.616805,0.00314372,0.00290628,0.0317586,0.0320646,1,0.5625,1,0.4837,0.4837,1,-999
2,gen=54_member=35_pso,0.364643,0.83167,0.00302653,0.00309233,0.0317586,0.0320646,1,0.5625,1,0.467294,0.467294,1,-999
2,gen=54_member=31_pso,0.895547,0.222222,0.00336544,0.00282969,0.0317586,0.0320646,1,0.5625,1,0.45545,0.45545,1,-999
2,gen=54_member=30_pso,0.88686,0.247983,0.00323395,0.00222185,0.0317586,0.0320646,1,0.5625,1,0.456678,0.456678,1,-999
2,gen=53_member=422_pso,0.913471,0.172866,0,0,0.0317586,0.0320646,1,0.5625,1,0.447843,0.447843,1,-999
2,gen=50_member=327_pso,0.69854,0.559627,0,0,0.0317586,0.0320646,1,1,0,0.475538,0.475538,1,-999
2,gen=54_member=41_pso,0.488279,0.766031,0.00363623,0.00349673,0.0317586,0.0320646,1,0.25,2,0.467294,0.467294,1,-999
2,gen=54_member=32_pso,0.536652,0.744242,0.0107481,0.0113649,0.0317586,0.0320646,1,0.25,2,0.474497,0.474497,1,-999
2,gen=55_member=55_pso,0.972784,0.0424826,0.0037184,0.00277102,0.0317586,0.0320646,1,1,0,0.420854,0.420854,1,-999
2,gen=55_member=52_pso,0.62999,0.648348,0.00353671,0.00352195,0.0317586,0.0320646,1,0.0625,3,0.488682,0.488682,1,-999
4,gen=55_member=55_pso,0.972784,0.0424826,0.0037184,0.00277102,0.0308208,0.031709,1,0.5625,1,0.467337,0.467337,1,-999
4,gen=54_member=50_pso,0.715227,0.539791,0.0028144,0.00269788,0.0308208,0.031709,1,1,0,0.47791,0.47791,1,-999
4,gen=54_member=48_pso,0.0603117,0.956838,0.00293571,0.00352833,0.0308208,0.031709,1,1,0,0.429357,0.429357,1,-999
4,gen=54_member=47_pso,0.816334,0.38452,0.00354309,0.00276189,0.0308208,0.031709,1,1,0,0.45859,0.45859,1,-999
4,gen=54_member=46_pso,0.922836,0.154677,0.00377923,0.00299693,0.0308208,0.031709,1,1,0,0.480889,0.480889,1,-999
4,gen=54_member=40_pso,0.76945,0.469372,0.00398181,0.00377735,0.0308208,0.031709,1,1,0,0.476883,0.476883,1,-999
4,gen=54_member=38_pso,0.0517829,0.972355,0.00444491,0.00428511,0.0308208,0.031709,1,1,1,0.426796,0.426796,1,-999
4,gen=54_member=34_pso,0.304237,0.863529,0.00295783,0.00314175,0.0308208,0.031709,1,1,0,0.457294,0.457294,1,-999
4,gen=54_member=33_pso,0.629599,0.635891,0.0027502,0.00277856,0.0308208,0.031709,1,1,0,0.49102,0.49102,1,-999
4,gen=53_member=424_pso,0.536256,0.717053,0,0,0.0308208,0.031709,1,1,0,0.478245,0.478245,1,-999
4,gen=52_member=395_pso,0.360033,0.834154,0,0,0.0308208,0.031709,1,1,0,0.466134,0.466134,1,-999
4,gen=52_member=387_pso,0.451516,0.777215,0,0,0.0308208,0.031709,1,1,0,0.475302,0.475302,1,-999
4,gen=52_member=373_pso,0.13103,0.933284,0,0,0.0308208,0.031709,1,1,0,0.4435,0.4435,1,-999
4,gen=51_member=367_pso,0.65441,0.609303,0,0,0.0308208,0.031709,1,1,0,0.483922,0.483922,1,-999
4,gen=51_member=345_pso,0.709838,0.545336,0,0,0.0308208,0.031709,1,1,0,0.47762,0.47762,1,-999
4,gen=50_member=332_pso,0.613032,0.65091,0,0,0.0308208,0.031709,1,1,0,0.486801,0.486801,1,-999
4,gen=50_member=327_pso,0.69854,0.559627,0,0,0.0308208,0.031709,1,1,0,0.475538,0.475538,1,-999
4,gen=54_member=44_pso,0.462617,0.770322,0.00267959,0.00303655,0.0308208,0.031709,1,0.5625,1,0.47268,0.47268,1,-999
4,gen=54_member=43_pso,0.605279,0.662331,0.00281596,0.00280423,0.0308208,0.031709,1,0.5625,1,0.4837,0.4837,1,-999
4,gen=54_member=42_pso,0.802319,0.417834,0.00314988,0.00268038,0.0308208,0.031709,1,0.5625,1,0.463485,0.463485,1,-999
4,gen=54_member=37_pso,0.768297,0.472202,0.00282687,0.00288686,0.0308208,0.031709,1,0.5625,1,0.476195,0.476195,1,-999
4,gen=54_member=36_pso,0.654973,0.616805,0.00314372,0.00290628,0.0308208,0.031709,1,0.5625,1,0.4837,0.4837,1,-999
4,gen=54_member=35_pso,0.364643,0.83167,0.00302653,0.00309233,0.0308208,0.031709,1,0.5625,1,0.467294,0.467294,1,-999
4,gen=54_member=31_pso,0.895547,0.222222,0.00336544,0.00282969,0.0308208,0.031709,1,0.25,2,0.474828,0.474828,1,-999
4,gen=54_member=30_pso,0.88686,0.247983,0.00323395,0.00222185,0.0308208,0.031709,1,0.5625,1,0.475028,0.475028,1,-999
4,gen=53_member=422_pso,0.913471,0.172866,0,0,0.0308208,0.031709,1,0.25,2,0.478239,0.478239,1,-999
4,gen=54_member=41_pso,0.488279,0.766031,0.00363623,0.00349673,0.0308208,0.031709,1,0.25,2,0.467384,0.467384,1,-999
4,gen=54_member=32_pso,0.536652,0.744242,0.0107481,0.0113649,0.0308208,0.031709,1,0.25,2,0.477868,0.477868,1,-999
4,gen=55_member=52_pso,0.62999,0.648348,0.00353671,0.00352195,0.0308208,0.031709,1,0.0625,3,0.489013,0.489013,1,-999
4,gen=57_member=140_pso,0.976407,0.0210842,0.00335621,0.0022885,0.0308208,0.031709,1,1,0,0.462773,0.462773,1,-999
4,gen=57_member=139_pso,0.947663,0.0791738,0.00389523,0.00241954,0.0308208,0.031709,1,1,0,0.477019,0.477019,1,-999
4,gen=57_member=115_pso,0.938877,0.256985,0.0337132,0.0878884,0.0337132,0.0878884,1,1,0,0.467899,0.467899,1,-999
4,gen=57_member=113_pso,0.592714,0.673441,0.00329726,0.00334055,0.0308208,0.031709,1,1,0,0.482743,0.482743,1,-999
4,gen=57_member=116_pso,0.915613,0.170039,0.00367904,0.00286893,0.0308208,0.031709,1,0.5625,1,0.479042,0.479042,1,-999
4,gen=57_member=111_pso,0.945151,0.0876761,0.00373841,0.00268658,0.0308208,0.031709,1,0.5625,1,0.479042,0.479042,1,-999
5,gen=57_member=140_pso,0.976407,0.0210842,0.00335621,0.0022885,0.0320824,0.0322514,1,1,0,0.462773,0.462773,1,-999
5,gen=57_member=139_pso,0.947663,0.0791738,0.00389523,0.00241954,0.0320824,0.0322514,1,1,0,0.477019,0.477019,1,-999
5,gen=53_member=424_pso,0.536256,0.717053,0,0,0.0320824,0.0322514,1,1,0,0.475302,0.475302,1,-999
5,gen=57_member=115_pso,0.938877,0.256985,0.0337132,0.0878884,0.0337132,0.0878884,1,0.5625,1,0.456205,0.456205,1,-999
5,gen=57_member=113_pso,0.592714,0.673441,0.00329726,0.00334055,0.0320824,0.0322514,1,1,0,0.479808,0.479808,1,-999
5,gen=52_member=395_pso,0.360033,0.834154,0,0,0.0320824,0.0322514,1,0.5625,1,0.4715,0.4715,1,-999
5,gen=52_member=387_pso,0.451516,0.777215,0,0,0.0320824,0.0322514,1,1,0,0.469913,0.469913,1,-999
5,gen=52_member=373_pso,0.13103,0.933284,0,0,0.0320824,0.0322514,1,1,0,0.457294,0.457294,1,-999
5,gen=54_member=50_pso,0.715227,0.539791,0.0028144,0.00269788,0.0320824,0.0322514,1,1,0,0.47791,0.47791,1,-999
5,gen=54_member=48_pso,0.0603117,0.956838,0.00293571,0.00352833,0.0320824,0.0322514,1,1,0,0.44225,0.44225,1,-999
5,gen=54_member=47_pso,0.816334,0.38452,0.00354309,0.00276189,0.0320824,0.0322514,1,1,0,0.464322,0.464322,1,-999
5,gen=54_member=46_pso,0.922836,0.154677,0.00377923,0.00299693,0.0320824,0.0322514,1,1,0,0.476189,0.476189,1,-999
5,gen=51_member=367_pso,0.65441,0.609303,0,0,0.0320824,0.0322514,1,1,0,0.482532,0.482532,1,-999
5,gen=51_member=345_pso,0.709838,0.545336,0,0,0.0320824,0.0322514,1,1,0,0.47762,0.47762,1,-999
5,gen=50_member=332_pso,0.613032,0.65091,0,0,0.0320824,0.0322514,1,1,0,0.485748,0.485748,1,-999
5,gen=50_member=327_pso,0.69854,0.559627,0,0,0.0320824,0.0322514,1,0.5625,1,0.475538,0.475538,1,-999
5,gen=54_member=40_pso,0.76945,0.469372,0.00398181,0.00377735,0.0320824,0.0322514,1,0.5625,1,0.476936,0.476936,1,-999
5,gen=54_member=38_pso,0.0517829,0.972355,0.00444491,0.00428511,0.0320824,0.0322514,1,0.0625,3,0.439576,0.439576,1,-999
5,gen=54_member=34_pso,0.304237,0.863529,0.00295783,0.00314175,0.0320824,0.0322514,1,1,0,0.457923,0.457923,1,-999
5,gen=54_member=33_pso,0.629599,0.635891,0.0027502,0.00277856,0.0320824,0.0322514,1,1,0,0.487177,0.487177,1,-999
5,gen=57_member=116_pso,0.915613,0.170039,0.00367904,0.00286893,0.0320824,0.0322514,1,0.5625,1,0.477019,0.477019,1,-999
5,gen=57_member=111_pso,0.945151,0.0876761,0.00373841,0.00268658,0.0320824,0.0322514,1,0.5625,1,0.479042,0.479042,1,-999
5,gen=55_member=55_pso,0.972784,0.0424826,0.0037184,0.00277102,0.0320824,0.0322514,1,0.5625,1,0.467337,0.467337,1,-999
5,gen=54_member=44_pso,0.462617,0.770322,0.00267959,0.00303655,0.0320824,0.0322514,1,0.5625,1,0.467059,0.467059,1,-999
5,gen=54_member=43_pso,0.605279,0.662331,0.00281596,0.00280423,0.0320824,0.0322514,1,0.5625,1,0.482532,0.482532,1,-999
5,gen=54_member=42_pso,0.802319,0.417834,0.00314988,0.00268038,0.0320824,0.0322514,1,0.5625,1,0.465146,0.465146,1,-999
5,gen=54_member=37_pso,0.768297,0.472202,0.00282687,0.00288686,0.0320824,0.0322514,1,0.25,2,0.47762,0.47762,1,-999
5,gen=54_member=36_pso,0.654973,0.616805,0.00314372,0.00290628,0.0320824,0.0322514,1,0.5625,1,0.482623,0.482623,1,-999
5,gen=54_member=30_pso,0.88686,0.247983,0.00323395,0.00222185,0.0320824,0.0322514,1,0.5625,1,0.464322,0.464322,1,-999
5,gen=54_member=35_pso,0.364643,0.83167,0.00302653,0.00309233,0.0320824,0.0322514,1,0.25,2,0.47268,0.47268,1,-999
5,gen=58_member=145_pso,0.0139338,0.988383,0.00432639,0.00429618,0.0320824,0.0322514,1,1,0,0.431775,0.431775,1,-999
5,gen=58_member=142_pso,0.775849,0.453019,0.00327043,0.00280475,0.0320824,0.0322514,1,1,0,0.474867,0.474867,1,-999
5,gen=58_member=162_pso,0.904426,0.215157,0.00366363,0.00308991,0.0320824,0.0322514,1,0.5625,1,0.468641,0.468641,1,-999
5,gen=58_member=161_pso,0.34233,0.843997,0.00263459,0.00298436,0.0320824,0.0322514,1,0.5625,1,0.467059,0.467059,1,-999
5,gen=58_member=144_pso,0.0273161,0.988627,0.00396224,0.00436584,0.0320824,0.0322514,1,0.5625,1,0.434052,0.434052,1,-999
6,gen=57_member=113_pso,0.592714,0.673441,0.00329726,0.00334055,0.0320824,0.0322514,1,1,0,0.479808,0.479808,1,-999
6,gen=54_member=47_pso,0.816334,0.38452,0.00354309,0.00276189,0.0320824,0.0322514,1,1,0,0.474388,0.474388,1,-999
6,gen=58_member=145_pso,0.0139338,0.988383,0.00432639,0.00429618,0.0320824,0.0322514,1,1,0,0.431775,0.431775,1,-999
6,gen=54_member=46_pso,0.922836,0.154677,0.00377923,0.00299693,0.0320824,0.0322514,1,1,0,0.478051,0.478051,1,-999
6,gen=58_member=142_pso,0.775849,0.453019,0.00327043,0.00280475,0.0320824,0.0322514,1,1,0,0.474867,0.474867,1,-999
6,gen=57_member=140_pso,0.976407,0.0210842,0.00335621,0.0022885,0.0320824,0.0322514,1,1,0,0.482261,0.482261,1,-999
6,gen=57_member=139_pso,0.947663,0.0791738,0.00389523,0.00241954,0.0320824,0.0322514,1,0.444444,1,0.484305,0.484305,1,-999
6,gen=54_member=50_pso,0.715227,0.539791,0.0028144,0.00269788,0.0320824,0.0322514,1,1,0,0.474867,0.474867,1,-999
6,gen=54_member=48_pso,0.0603117,0.956838,0.00293571,0.00352833,0.0320824,0.0322514,1,1,0,0.44225,0.44225,1,-999
6,gen=54_member=34_pso,0.304237,0.863529,0.00295783,0.00314175,0.0320824,0.0322514,1,1,0,0.457294,0.457294,1,-999
6,gen=54_member=33_pso,0.629599,0.635891,0.0027502,0.00277856,0.0320824,0.0322514,1,1,0,0.487177,0.487177,1,-999
6,gen=53_member=424_pso,0.536256,0.717053,0,0,0.0320824,0.0322514,1,1,0,0.475302,0.475302,1,-999
6,gen=52_member=387_pso,0.451516,0.777215,0,0,0.0320824,0.0322514,1,1,0,0.460668,0.460668,1,-999
6,gen=52_member=373_pso,0.13103,0.933284,0,0,0.0320824,0.0322514,1,1,0,0.457294,0.457294,1,-999
6,gen=51_member=367_pso,0.65441,0.609303,0,0,0.0320824,0.0322514,1,1,0,0.479699,0.479699,1,-999
6,gen=51_member=345_pso,0.709838,0.545336,0,0,0.0320824,0.0322514,1,1,0,0.473133,0.473133,1,-999
6,gen=50_member=332_pso,0.613032,0.65091,0,0,0.0320824,0.0322514,1,1,0,0.485748,0.485748,1,-999
6,gen=54_member=43_pso,0.605279,0.662331,0.00281596,0.00280423,0.0320824,0.0322514,1,0.444444,1,0.482532,0.482532,1,-999
6,gen=54_member=42_pso,0.802319,0.417834,0.00314988,0.00268038,0.0320824,0.0322514,1,0.111111,2,0.466434,0.466434,1,-999
6,gen=54_member=40_pso,0.76945,0.469372,0.00398181,0.00377735,0.0320824,0.0322514,1,0.444444,1,0.476936,0.476936,1,-999
6,gen=54_member=36_pso,0.654973,0.616805,0.00314372,0.00290628,0.0320824,0.0322514,1,0.444444,1,0.479808,0.479808,1,-999
6,gen=58_member=162_pso,0.904426,0.215157,0.00366363,0.00308991,0.0320824,0.0322514,1,0.444444,1,0.475054,0.475054,1,-999
6,gen=58_member=161_pso,0.34233,0.843997,0.00263459,0.00298436,0.0320824,0.0322514,1,0.444444,1,0.448546,0.448546,1,-999
6,gen=54_member=30_pso,0.88686,0.247983,0.00323395,0.00222185,0.0320824,0.0322514,1,0.444444,1,0.475028,0.475028,1,-999
6,gen=58_member=144_pso,0.0273161,0.988627,0.00396224,0.00436584,0.0320824,0.0322514,1,0.444444,1,0.434052,0.434052,1,-999
6,gen=52_member=395_pso,0.360033,0.834154,0,0,0.0320824,0.0322514,1,0.444444,1,0.452165,0.452165,1,-999
6,gen=57_member=116_pso,0.915613,0.170039,0.00367904,0.00286893,0.0320824,0.0322514,1,0.444444,1,0.477019,0.477019,1,-999
6,gen=57_member=115_pso,0.938877,0.256985,0.0337132,0.0878884,0.0337132,0.0878884,1,0.444444,1,0.467899,0.467899,1,-999
6,gen=57_member=111_pso,0.945151,0.0876761,0.00373841,0.00268658,0.0320824,0.0322514,1,0.111111,2,0.482947,0.482947,1,-999
6,gen=55_member=55_pso,0.972784,0.0424826,0.0037184,0.00277102,0.0320824,0.0322514,1,0.444444,1,0.487099,0.487099,1,-999
6,gen=59_member=198_pso,0.809531,0.404094,0.00455892,0.00455643,0.0320824,0.0322514,1,0.444444,1,0.469836,0.469836,1,-999
6,gen=54_member=44_pso,0.462617,0.770322,0.00267959,0.00303655,0.0320824,0.0322514,1,0.444444,1,0.46249,0.46249,1,-999
6,gen=59_member=196_pso,0.0429536,0.974271,0.00345568,0.00420135,0.0320824,0.0322514,1,0.444444,1,0.437869,0.437869,1,-999
6,gen=59_member=194_pso,0.97531,0.0476387,0.0038617,0.00317752,0.0320824,0.0322514,1,0.111111,2,0.487774,0.487774,1,-999
6,gen=59_member=176_pso,0.869853,0.290745,0.0041117,0.00384116,0.0320824,0.0322514,1,0.444444,1,0.469836,0.469836,1,-999
6,gen=59_member=172_pso,0.953249,0.0680327,0.00378184,0.00323428,0.0320824,0.0322514,1,0.444444,1,0.487244,0.487244,1,-999
7,gen=54_member=50_pso,0.715227,0.539791,0.0028144,0.00269788,0.0320824,0.0322514,1,1,0,0.474867,0.474867,1,-999
7,gen=51_member=345_pso,0.709838,0.545336,0,0,0.0320824,0.0322514,1,1,0,0.473133,0.473133,1,-999
7,gen=50_member=332_pso,0.613032,0.65091,0,0,0.0320824,0.0322514,1,1,0,0.485748,0.485748,1,-999
7,gen=54_member=48_pso,0.0603117,0.956838,0.00293571,0.00352833,0.0320824,0.0322514,1,1,0,0.482002,0.482002,1,-999
7,gen=54_member=47_pso,0.816334,0.38452,0.00354309,0.00276189,0.0320824,0.0322514,1,1,0,0.464322,0.464322,1,-999
7,gen=54_member=46_pso,0.922836,0.154677,0.00377923,0.00299693,0.0320824,0.0322514,1,1,0,0.476189,0.476189,1,-999
7,gen=54_member=34_pso,0.304237,0.863529,0.00295783,0.00314175,0.0320824,0.0322514,1,1,0,0.457294,0.457294,1,-999
7,gen=58_member=145_pso,0.0139338,0.988383,0.00432639,0.00429618,0.0320824,0.0322514,1,1,1,0.469582,0.469582,1,-999
7,gen=54_member=33_pso,0.629599,0.635891,0.0027502,0.00277856,0.0320824,0.0322514,1,1,0,0.487177,0.487177,1,-999
7,gen=58_member=142_pso,0.775849,0.453019,0.00327043,0.00280475,0.0320824,0.0322514,1,1,0,0.473133,0.473133,1,-999
7,gen=57_member=140_pso,0.976407,0.0210842,0.00335621,0.0022885,0.0320824,0.0322514,1,1,0,0.466432,0.466432,1,-999
7,gen=53_member=424_pso,0.536256,0.717053,0,0,0.0320824,0.0322514,1,1,0,0.475302,0.475302,1,-999
7,gen=52_member=387_pso,0.451516,0.777215,0,0,0.0320824,0.0322514,1,1,0,0.469913,0.469913,1,-999
7,gen=52_member=373_pso,0.13103,0.933284,0,0,0.0320824,0.0322514,1,1,0,0.469582,0.469582,1,-999
7,gen=57_member=113_pso,0.592714,0.673441,0.00329726,0.00334055,0.0320824,0.0322514,1,1,0,0.479808,0.479808,1,-999
7,gen=51_member=367_pso,0.65441,0.609303,0,0,0.0320824,0.0322514,1,1,0,0.479699,0.479699,1,-999
7,gen=59_member=196_pso,0.0429536,0.974271,0.00345568,0.00420135,0.0320824,0.0322514,1,0.111111,2,0.476804,0.476804,1,-999
7,gen=59_member=176_pso,0.869853,0.290745,0.0041117,0.00384116,0.0320824,0.0322514,1,0.444444,1,0.469836,0.469836,1,-999
7,gen=59_member=172_pso,0.953249,0.0680327,0.00378184,0.00323428,0.0320824,0.0322514,1,0.444444,1,0.478051,0.478051,1,-999
7,gen=58_member=162_pso,0.904426,0.215157,0.00366363,0.00308991,0.0320824,0.0322514,1,0.444444,1,0.475054,0.475054,1,-999
7,gen=58_member=161_pso,0.34233,0.843997,0.00263459,0.00298436,0.0320824,0.0322514,1,0.444444,1,0.466319,0.466319,1,-999
7,gen=58_member=144_pso,0.0273161,0.988627,0.00396224,0.00436584,0.0320824,0.0322514,1,0.111111,2,0.47221,0.47221,1,-999
7,gen=57_member=139_pso,0.947663,0.0791738,0.00389523,0.00241954,0.0320824,0.0322514,1,0.444444,1,0.480889,0.480889,1,-999
7,gen=57_member=116_pso,0.915613,0.170039,0.00367904,0.00286893,0.0320824,0.0322514,1,0.444444,1,0.474219,0.474219,1,-999
7,gen=57_member=115_pso,0.938877,0.256985,0.0337132,0.0878884,0.0337132,0.0878884,1,0.444444,1,0.467899,0.467899,1,-999
7,gen=55_member=55_pso,0.972784,0.0424826,0.0037184,0.00277102,0.0320824,0.0322514,1,0.444444,1,0.471074,0.471074,1,-999
7,gen=54_member=30_pso,0.88686,0.247983,0.00323395,0.00222185,0.0320824,0.0322514,1,0.444444,1,0.475028,0.475028,1,-999
7,gen=52_member=395_pso,0.360033,0.834154,0,0,0.0320824,0.0322514,1,0.111111,2,0.470742,0.470742,1,-999
7,gen=54_member=40_pso,0.76945,0.469372,0.00398181,0.00377735,0.0320824,0.0322514,1,0.444444,1,0.476883,0.476883,1,-999
7,gen=54_member=36_pso,0.654973,0.616805,0.00314372,0.00290628,0.0320824,0.0322514,1,0.444444,1,0.479808,0.479808,1,-999
7,gen=60_member=225_pso,0.0146873,0.987004,0.00384701,0.00428528,0.0320824,0.0322514,1,1,0,0.469864,0.469864,1,-999
7,gen=60_member=206_pso,0.353237,0.837248,0.00278608,0.00324934,0.0320824,0.0322514,1,0.444444,1,0.469124,0.469124,1,-999
7,gen=60_member=205_pso,0.464506,0.766921,0.00279296,0.00313716,0.0320824,0.0322514,1,0.444444,1,0.466319,0.466319,1,-999
7,gen=59_member=198_pso,0.809531,0.404094,0.00455892,0.00455643,0.0320824,0.0322514,1,0.444444,1,0.461837,0.461837,1,-999
7,gen=59_member=194_pso,0.97531,0.0476387,0.0038617,0.00317752,0.0320824,0.0322514,1,0.111111,2,0.471874,0.471874,1,-999
7,gen=54_member=43_pso,0.605279,0.662331,0.00281596,0.00280423,0.0320824,0.0322514,1,0.444444,1,0.482532,0.482532,1,-999
8,gen=60_member=225_pso,0.0146873,0.987004,0.00384701,0.00428528,0.0324832,0.0345847,1,1,0,0.424179,0.424179,1,-999
8,gen=57_member=113_pso,0.592714,0.673441,0.00329726,0.00334055,0.0324832,0.0345847,1,1,0,0.478671,0.478671,1,-999
8,gen=54_member=50_pso,0.715227,0.539791,0.0028144,0.00269788,0.0324832,0.0345847,1,1,0,0.474867,0.474867,1,-999
8,gen=54_member=48_pso,0.0603117,0.956838,0.00293571,0.00352833,0.0324832,0.0345847,1,1,0,0.434074,0.434074,1,-999
8,gen=54_member=47_pso,0.816334,0.38452,0.00354309,0.00276189,0.0324832,0.0345847,1,1,0,0.457605,0.457605,1,-999
8,gen=54_member=46_pso,0.922836,0.154677,0.00377923,0.00299693,0.0324832,0.0345847,1,1,0,0.471074,0.471074,1,-999
8,gen=54_member=34_pso,0.304237,0.863529,0.00295783,0.00314175,0.0324832,0.0345847,1,1,0,0.457294,0.457294,1,-999
8,gen=54_member=33_pso,0.629599,0.635891,0.0027502,0.00277856,0.0324832,0.0345847,1,1,0,0.477431,0.477431,1,-999
8,gen=53_member=424_pso,0.536256,0.717053,0,0,0.0324832,0.0345847,1,1,0,0.470864,0.470864,1,-999
8,gen=52_member=387_pso,0.451516,0.777215,0,0,0.0324832,0.0345847,1,1,0,0.460668,0.460668,1,-999
8,gen=58_member=145_pso,0.0139338,0.988383,0.00432639,0.00429618,0.0324832,0.0345847,1,1,1,0.423955,0.423955,1,-999
8,gen=52_member=373_pso,0.13103,0.933284,0,0,0.0324832,0.0345847,1,1,0,0.448546,0.448546,1,-999
8,gen=58_member=142_pso,0.775849,0.453019,0.00327043,0.00280475,0.0324832,0.0345847,1,1,0,0.467235,0.467235,1,-999
8,gen=57_member=140_pso,0.976407,0.0210842,0.00335621,0.0022885,0.0324832,0.0345847,1,1,0,0.462773,0.462773,1,-999
8,gen=51_member=367_pso,0.65441,0.609303,0,0,0.0324832,0.0345847,1,1,0,0.479699,0.479699,1,-999
8,gen=51_member=345_pso,0.709838,0.545336,0,0,0.0324832,0.0345847,1,1,0,0.473133,0.473133,1,-999
8,gen=50_member=332_pso,0.613032,0.65091,0,0,0.0324832,0.0345847,1,1,0,0.475887,0.475887,1,-999
8,gen=60_member=206_pso,0.353237,0.837248,0.00278608,0.00324934,0.0324832,0.0345847,1,0.111111,2,0.463769,0.463769,1,-999
8,gen=60_member=205_pso,0.464506,0.766921,0.00279296,0.00313716,0.0324832,0.0345847,1,0.444444,1,0.463248,0.463248,1,-999
8,gen=59_member=198_pso,0.809531,0.404094,0.00455892,0.00455643,0.0324832,0.0345847,1,0.444444,1,0.460193,0.460193,1,-999
8,gen=59_member=176_pso,0.869853,0.290745,0.0041117,0.00384116,0.0324832,0.0345847,1,0.444444,1,0.469683,0.469683,1,-999
8,gen=59_member=172_pso,0.953249,0.0680327,0.00378184,0.00323428,0.0324832,0.0345847,1,0.444444,1,0.474219,0.474219,1,-999
8,gen=58_member=162_pso,0.904426,0.215157,0.00366363,0.00308991,0.0324832,0.0345847,1,0.111111,2,0.466702,0.466702,1,-999
8,gen=58_member=161_pso,0.34233,0.843997,0.00263459,0.00298436,0.0324832,0.0345847,1,0.444444,1,0.466319,0.466319,1,-999
8,gen=57_member=139_pso,0.947663,0.0791738,0.00389523,0.00241954,0.0324832,0.0345847,1,0.444444,1,0.477019,0.477019,1,-999
8,gen=57_member=116_pso,0.915613,0.170039,0.00367904,0.00286893,0.0324832,0.0345847,1,0.444444,1,0.470057,0.470057,1,-999
8,gen=57_member=115_pso,0.938877,0.256985,0.0337132,0.0878884,0.0337132,0.0878884,1,0.444444,1,0.454837,0.454837,1,-999
8,gen=54_member=36_pso,0.654973,0.616805,0.00314372,0.00290628,0.0324832,0.0345847,1,0.444444,1,0.479808,0.479808,1,-999
8,gen=55_member=55_pso,0.972784,0.0424826,0.0037184,0.00277102,0.0324832,0.0345847,1,0.444444,1,0.467337,0.467337,1,-999
8,gen=54_member=43_pso,0.605279,0.662331,0.00281596,0.00280423,0.0324832,0.0345847,1,0.444444,1,0.478888,0.478888,1,-999
8,gen=61_member=252_pso,0.98843,0.0197529,0.00441654,0.00369811,0.0324832,0.0345847,1,1,1,0.461467,0.461467,1,-999
8,gen=61_member=246_pso,0.564466,1.05729,0.456695,0.146255,0.456695,0.146255,1,1,0,0.388219,0.388219,1,-999
8,gen=61_member=244_pso,0.222331,0.922221,0.00936077,0.0068613,0.0324832,0.0345847,1,1,0,0.461716,0.461716,1,-999
8,gen=54_member=40_pso,0.76945,0.469372,0.00398181,0.00377735,0.0324832,0.0345847,1,0.444444,1,0.47097,0.47097,1,-999
8,gen=61_member=234_pso,0.695007,0.567626,0.00291383,0.0028311,0.0324832,0.0345847,1,0.444444,1,0.472382,0.472382,1,-999
8,gen=54_member=30_pso,0.88686,0.247983,0.00323395,0.00222185,0.0324832,0.0345847,1,0.444444,1,0.464322,0.464322,1,-999
8,gen=52_member=395_pso,0.360033,0.834154,0,0,0.0324832,0.0345847,1,0.111111,2,0.462136,0.462136,1,-999
9,gen=61_member=252_pso,0.98843,0.0197529,0.00441654,0.00369811,0.0324832,0.0345847,1,1,1,0.44448,0.44448,1,-999
9,gen=61_member=246_pso,0.564466,1.05729,0.456695,0.146255,0.456695,0.146255,1,1,0,0.389552,0.389552,1,-999
9,gen=61_member=244_pso,0.222331,0.922221,0.00936077,0.0068613,0.0324832,0.0345847,1,1,0,0.462136,0.462136,1,-999
9,gen=54_member=48_pso,0.0603117,0.956838,0.00293571,0.00352833,0.0324832,0.0345847,1,1,0,0.44225,0.44225,1,-999
9,gen=60_member=225_pso,0.0146873,0.987004,0.00384701,0.00428528,0.0324832,0.0345847,1,1,0,0.432006,0.432006,1,-999
9,gen=54_member=47_pso,0.816334,0.38452,0.00354309,0.00276189,0.0324832,0.0345847,1,1,0,0.457605,0.457605,1,-999
9,gen=54_member=46_pso,0.922836,0.154677,0.00377923,0.00299693,0.0324832,0.0345847,1,1,0,0.466432,0.466432,1,-999
9,gen=54_member=34_pso,0.304237,0.863529,0.00295783,0.00314175,0.0324832,0.0345847,1,0.444444,1,0.463078,0.463078,1,-999
9,gen=54_member=33_pso,0.629599,0.635891,0.0027502,0.00277856,0.0324832,0.0345847,1,1,0,0.484165,0.484165,1,-999
9,gen=53_member=424_pso,0.536256,0.717053,0,0,0.0324832,0.0345847,1,1,0,0.47275,0.47275,1,-999
9,gen=52_member=387_pso,0.451516,0.777215,0,0,0.0324832,0.0345847,1,0.444444,1,0.469913,0.469913,1,-999
9,gen=52_member=373_pso,0.13103,0.933284,0,0,0.0324832,0.0345847,1,1,0,0.457294,0.457294,1,-999
9,gen=58_member=145_pso,0.0139338,0.988383,0.00432639,0.00429618,0.0324832,0.0345847,1,1,1,0.431775,0.431775,1,-999
9,gen=58_member=142_pso,0.775849,0.453019,0.00327043,0.00280475,0.0324832,0.0345847,1,1,0,0.467235,0.467235,1,-999
9,gen=57_member=140_pso,0.976407,0.0210842,0.00335621,0.0022885,0.0324832,0.0345847,1,1,0,0.445647,0.445647,1,-999
9,gen=51_member=367_pso,0.65441,0.609303,0,0,0.0324832,0.0345847,1,1,0,0.482532,0.482532,1,-999
9,gen=51_member=345_pso,0.709838,0.545336,0,0,0.0324832,0.0345847,1,1,0,0.473133,0.473133,1,-999
9,gen=50_member=332_pso,0.613032,0.65091,0,0,0.0324832,0.0345847,1,1,0,0.478973,0.478973,1,-999
9,gen=57_member=113_pso,0.592714,0.673441,0.00329726,0.00334055,0.0324832,0.0345847,1,1,0,0.478671,0.478671,1,-999
9,gen=54_member=50_pso,0.715227,0.539791,0.0028144,0.00269788,0.0324832,0.0345847,1,1,0,0.474867,0.474867,1,-999
9,gen=61_member=234_pso,0.695007,0.567626,0.00291383,0.0028311,0.0324832,0.0345847,1,0.444444,1,0.477431,0.477431,1,-999
9,gen=60_member=205_pso,0.464506,0.766921,0.00279296,0.00313716,0.0324832,0.0345847,1,0.111111,2,0.466319,0.466319,1,-999
9,gen=59_member=198_pso,0.809531,0.404094,0.00455892,0.00455643,0.0324832,0.0345847,1,0.111111,2,0.460193,0.460193,1,-999
9,gen=59_member=176_pso,0.869853,0.290745,0.0041117,0.00384116,0.0324832,0.0345847,1,0.444444,1,0.469683,0.469683,1,-999
9,gen=59_member=172_pso,0.953249,0.0680327,0.00378184,0.00323428,0.0324832,0.0345847,1,0.444444,1,0.456244,0.456244,1,-999
9,gen=58_member=161_pso,0.34233,0.843997,0.00263459,0.00298436,0.0324832,0.0345847,1,0.444444,1,0.469913,0.469913,1,-999
9,gen=57_member=139_pso,0.947663,0.0791738,0.00389523,0.00241954,0.0324832,0.0345847,1,0.444444,1,0.458836,0.458836,1,-999
9,gen=57_member=116_pso,0.915613,0.170039,0.00367904,0.00286893,0.0324832,0.0345847,1,0.444444,1,0.469683,0.469683,1,-999
9,gen=57_member=115_pso,0.938877,0.256985,0.0337132,0.0878884,0.0337132,0.0878884,1,1,0,0.454603,0.454603,1,-999
9,gen=54_member=36_pso,0.654973,0.616805,0.00314372,0.00290628,0.0324832,0.0345847,1,0.444444,1,0.4837,0.4837,1,-999
9,gen=62_member=287_pso,0.279646,0.875827,0.00449088,0.00426124,0.0324832,0.0345847,1,1,0,0.463079,0.463079,1,-999
9,gen=62_member=272_pso,0.442265,0.783674,0.00286783,0.00302201,0.0324832,0.0345847,1,1,0,0.472427,0.472427,1,-999
9,gen=62_member=270_pso,0.67462,0.58844,0.00266318,0.00257463,0.0324832,0.0345847,1,1,0,0.484165,0.484165,1,-999
9,gen=54_member=30_pso,0.88686,0.247983,0.00323395,0.00222185,0.0324832,0.0345847,1,1,0,0.462824,0.462824,1,-999
9,gen=62_member=265_pso,0.814193,0.391259,0.00340517,0.00269831,0.0324832,0.0345847,1,0.444444,1,0.459035,0.459035,1,-999
9,gen=60_member=206_pso,0.353237,0.837248,0.00278608,0.00324934,0.0324832,0.0345847,1,0.111111,2,0.472759,0.472759,1,-999
9,gen=52_member=395_pso,0.360033,0.834154,0,0,0.0324832,0.0345847,1,0.111111,2,0.474438,0.474438,1,-999
9,gen=54_member=43_pso,0.605279,0.662331,0.00281596,0.00280423,0.0324832,0.0345847,1,0.444444,1,0.478888,0.478888,1,-999
10,gen=62_member=287_pso,0.279646,0.875827,0.00449088,0.00426124,0.0321797,0.0348516,1,1,0,0.478295,0.478295,1,-999
10,gen=62_member=272_pso,0.442265,0.783674,0.00286783,0.00302201,0.0321797,0.0348516,1,1,0,0.472427,0.472427,1,-999
10,gen=62_member=270_pso,0.67462,0.58844,0.00266318,0.00257463,0.0321797,0.0348516,1,1,0,0.484644,0.484644,1,-999
10,gen=54_member=47_pso,0.816334,0.38452,0.00354309,0.00276189,0.0321797,0.0348516,1,1,0,0.460118,0.460118,1,-999
10,gen=61_member=252_pso,0.98843,0.0197529,0.00441654,0.00369811,0,0,2,-999,0,0.448427,0.448427,1,-999
10,gen=61_member=246_pso,0.564466,1.05729,0.456695,0.146255,0.456695,0.146255,1,1,0,0.389552,0.389552,1,-999
10,gen=61_member=244_pso,0.222331,0.922221,0.00936077,0.0068613,0.0321797,0.0348516,1,0.444444,1,0.466537,0.466537,1,-999
10,gen=54_member=46_pso,0.922836,0.154677,0.00377923,0.00299693,0.0321797,0.0348516,1,1,0,0.466432,0.466432,1,-999
10,gen=60_member=225_pso,0.0146873,0.987004,0.00384701,0.00428528,0.0321797,0.0348516,1,1,0,0.450938,0.450938,1,-999
10,gen=54_member=33_pso,0.629599,0.635891,0.0027502,0.00277856,0.0321797,0.0348516,1,1,0,0.484165,0.484165,1,-999
10,gen=54_member=30_pso,0.88686,0.247983,0.00323395,0.00222185,0.0321797,0.0348516,1,0.444444,1,0.464322,0.464322,1,-999
10,gen=53_member=424_pso,0.536256,0.717053,0,0,0.0321797,0.0348516,1,1,0,0.470864,0.470864,1,-999
10,gen=52_member=373_pso,0.13103,0.933284,0,0,0.0321797,0.0348516,1,1,0,0.469582,0.469582,1,-999
10,gen=51_member=367_pso,0.65441,0.609303,0,0,0.0321797,0.0348516,1,1,0,0.485748,0.485748,1,-999
10,gen=51_member=345_pso,0.709838,0.545336,0,0,0.0321797,0.0348516,1,1,0,0.478423,0.478423,1,-999
10,gen=58_member=145_pso,0.0139338,0.988383,0.00432639,0.00429618,0.0321797,0.0348516,1,1,1,0.45071,0.45071,1,-999
10,gen=58_member=142_pso,0.775849,0.453019,0.00327043,0.00280475,0.0321797,0.0348516,1,1,0,0.467235,0.467235,1,-999
10,gen=57_member=140_pso,0.976407,0.0210842,0.00335621,0.0022885,0.0321797,0.0348516,1,0.444444,1,0.449632,0.449632,1,-999
10,gen=50_member=332_pso,0.613032,0.65091,0,0,0.0321797,0.0348516,1,1,0,0.478973,0.478973,1,-999
10,gen=57_member=115_pso,0.938877,0.256985,0.0337132,0.0878884,0.0337132,0.0878884,1,1,0,0.454837,0.454837,1,-999
10,gen=57_member=113_pso,0.592714,0.673441,0.00329726,0.00334055,0.0321797,0.0348516,1,1,0,0.478671,0.478671,1,-999
10,gen=54_member=50_pso,0.715227,0.539791,0.0028144,0.00269788,0.0321797,0.0348516,1,1,0,0.476693,0.476693,1,-999
10,gen=54_member=48_pso,0.0603117,0.956838,0.00293571,0.00352833,0.0321797,0.0348516,1,1,0,0.461716,0.461716,1,-999
10,gen=62_member=265_pso,0.814193,0.391259,0.00340517,0.00269831,0.0321797,0.0348516,1,0.444444,1,0.459035,0.459035,1,-999
10,gen=61_member=234_pso,0.695007,0.567626,0.00291383,0.0028311,0.0321797,0.0348516,1,0.444444,1,0.484634,0.484634,1,-999
10,gen=59_member=176_pso,0.869853,0.290745,0.0041117,0.00384116,0.0321797,0.0348516,1,0.111111,2,0.472219,0.472219,1,-999
10,gen=59_member=172_pso,0.953249,0.0680327,0.00378184,0.00323428,0.0321797,0.0348516,1,0.444444,1,0.460428,0.460428,1,-999
10,gen=58_member=161_pso,0.34233,0.843997,0.00263459,0.00298436,0.0321797,0.0348516,1,0.444444,1,0.472427,0.472427,1,-999
10,gen=54_member=36_pso,0.654973,0.616805,0.00314372,0.00290628,0.0321797,0.0348516,1,0.444444,1,0.484634,0.484634,1,-999
10,gen=52_member=387_pso,0.451516,0.777215,0,0,0.0321797,0.0348516,1,0.444444,1,0.469913,0.469913,1,-999
10,gen=63_member=316_pso,0.979323,0.0117468,0.00443572,0.00322829,0.0321797,0.0348516,1,1,0,1.44767,1.44767,1,-999
10,gen=63_member=314_pso,0.892807,0.228945,0.00330124,0.00266573,0.0321797,0.0348516,1,1,0,0.460428,0.460428,1,-999
10,gen=63_member=315_pso,0.173081,0.919103,0.0042984,0.00421291,0.0321797,0.0348516,1,0.444444,1,0.466754,0.466754,1,-999
10,gen=60_member=206_pso,0.353237,0.837248,0.00278608,0.00324934,0.0321797,0.0348516,1,0.111111,2,0.475307,0.475307,1,-999
10,gen=52_member=395_pso,0.360033,0.834154,0,0,0.0321797,0.0348516,1,0.111111,2,0.476967,0.476967,1,-999
10,gen=54_member=34_pso,0.304237,0.863529,0.00295783,0.00314175,0.0321797,0.0348516,1,0.444444,1,0.475956,0.475956,1,-999
11,gen=63_member=316_pso,0.979323,0.0117468,0.00443572,0.00322829,0.0324337,0.0348516,1,1,1,0.447668,0.447668,1,-999
11,gen=54_member=48_pso,0.0603117,0.956838,0.00293571,0.00352833,0.0324337,0.0348516,1,1,0,0.461716,0.461716,1,-999
11,gen=63_member=314_pso,0.892807,0.228945,0.00330124,0.00266573,0.0324337,0.0348516,1,0.444444,1,0.460428,0.460428,1,-999
11,gen=62_member=287_pso,0.279646,0.875827,0.00449088,0.00426124,0.0324337,0.0348516,1,1,0,0.463079,0.463079,1,-999
11,gen=62_member=272_pso,0.442265,0.783674,0.00286783,0.00302201,0.0324337,0.0348516,1,1,0,0.45735,0.45735,1,-999
11,gen=62_member=270_pso,0.67462,0.58844,0.00266318,0.00257463,0.0324337,0.0348516,1,1,0,0.484644,0.484644,1,-999
11,gen=54_member=47_pso,0.816334,0.38452,0.00354309,0.00276189,0.0324337,0.0348516,1,1,0,0.45601,0.45601,1,-999
11,gen=61_member=246_pso,0.564466,1.05729,0.456695,0.146255,0.456695,0.146255,1,1,0,0.387299,0.387299,1,-999
11,gen=54_member=46_pso,0.922836,0.154677,0.00377923,0.00299693,0.0324337,0.0348516,1,0.444444,1,0.467899,0.467899,1,-999
11,gen=54_member=33_pso,0.629599,0.635891,0.0027502,0.00277856,0.0324337,0.0348516,1,1,0,0.484165,0.484165,1,-999
11,gen=60_member=225_pso,0.0146873,0.987004,0.00384701,0.00428528,0.0324337,0.0348516,1,0.444444,1,0.450938,0.450938,1,-999
11,gen=53_member=424_pso,0.536256,0.717053,0,0,0.0324337,0.0348516,1,1,0,0.463942,0.463942,1,-999
11,gen=52_member=373_pso,0.13103,0.933284,0,0,0.0324337,0.0348516,1,1,0,0.468265,0.468265,1,-999
11,gen=51_member=367_pso,0.65441,0.609303,0,0,0.0324337,0.0348516,1,1,0,0.485748,0.485748,1,-999
11,gen=51_member=345_pso,0.709838,0.545336,0,0,0.0324337,0.0348516,1,1,0,0.478423,0.478423,1,-999
11,gen=58_member=145_pso,0.0139338,0.988383,0.00432639,0.00429618,0.0324337,0.0348516,1,0.111111,2,0.45071,0.45071,1,-999
11,gen=58_member=142_pso,0.775849,0.453019,0.00327043,0.00280475,0.0324337,0.0348516,1,1,0,0.461026,0.461026,1,-999
11,gen=50_member=332_pso,0.613032,0.65091,0,0,0.0324337,0.0348516,1,1,0,0.478973,0.478973,1,-999
11,gen=57_member=115_pso,0.938877,0.256985,0.0337132,0.0878884,0.0337132,0.0878884,1,1,0,0.454837,0.454837,1,-999
11,gen=57_member=113_pso,0.592714,0.673441,0.00329726,0.00334055,0.0324337,0.0348516,1,1,0,0.473083,0.473083,1,-999
11,gen=54_member=50_pso,0.715227,0.539791,0.0028144,0.00269788,0.0324337,0.0348516,1,1,0,0.476693,0.476693,1,-999
11,gen=63_member=315_pso,0.173081,0.919103,0.0042984,0.00421291,0.0324337,0.0348516,1,0.444444,1,0.460334,0.460334,1,-999
11,gen=62_member=265_pso,0.814193,0.391259,0.00340517,0.00269831,0.0324337,0.0348516,1,0.444444,1,0.457427,0.457427,1,-999
11,gen=61_member=244_pso,0.222331,0.922221,0.00936077,0.0068613,0.0324337,0.0348516,1,0.444444,1,0.462136,0.462136,1,-999
11,gen=61_member=234_pso,0.695007,0.567626,0.00291383,0.0028311,0.0324337,0.0348516,1,0.444444,1,0.484634,0.484634,1,-999
11,gen=59_member=172_pso,0.953249,0.0680327,0.00378184,0.00323428,0.0324337,0.0348516,1,0.444444,1,0.460428,0.460428,1,-999
11,gen=58_member=161_pso,0.34233,0.843997,0.00263459,0.00298436,0.0324337,0.0348516,1,0.444444,1,0.466537,0.466537,1,-999
11,gen=52_member=387_pso,0.451516,0.777215,0,0,0.0324337,0.0348516,1,0.444444,1,0.459708,0.459708,1,-999
11,gen=54_member=36_pso,0.654973,0.616805,0.00314372,0.00290628,0.0324337,0.0348516,1,0.444444,1,0.484634,0.484634,1,-999
11,gen=54_member=30_pso,0.88686,0.247983,0.00323395,0.00222185,0.0324337,0.0348516,1,0.444444,1,0.462824,0.462824,1,-999
11,gen=64_member=337_pso,0.00631378,0.986015,0.00435099,0.00423895,0.0324337,0.0348516,1,1,0,0.449375,0.449375,1,-999
11,gen=64_member=328_pso,0.671736,0.591561,0.00292131,0.00271898,0.0324337,0.0348516,1,1,0,0.485163,0.485163,1,-999
11,gen=64_member=323_pso,0.97447,0.0121249,0.0039767,0.00258128,0.0324337,0.0348516,1,1,0,0.448091,0.448091,1,-999
11,gen=54_member=34_pso,0.304237,0.863529,0.00295783,0.00314175,0.0324337,0.0348516,1,0.444444,1,0.463078,0.463078,1,-999
11,gen=52_member=395_pso,0.360033,0.834154,0,0,0.0324337,0.0348516,1,0.444444,1,0.462136,0.462136,1,-999
11,gen=64_member=347_pso,0.915767,0.166169,0.00378483,0.00284667,0.0324337,0.0348516,1,0.444444,1,0.469476,0.469476,1,-999
11,gen=64_member=344_pso,0.949728,0.0908887,0.00395237,0.00290512,0.0324337,0.0348516,1,0.444444,1,0.465261,0.465261,1,-999
12,gen=50_member=332_pso,0.613032,0.65091,0,0,0.0324337,0.0348516,1,1,0,0.485748,0.485748,1,-999
12,gen=62_member=272_pso,0.442265,0.783674,0.00286783,0.00302201,0.0324337,0.0348516,1,1,0,0.463078,0.463078,1,-999
12,gen=64_member=337_pso,0.00631378,0.986015,0.00435099,0.00423895,0.0324337,0.0348516,1,1,0,0.449375,0.449375,1,-999
12,gen=64_member=328_pso,0.671736,0.591561,0.00292131,0.00271898,0.0324337,0.0348516,1,1,0,0.485428,0.485428,1,-999
12,gen=64_member=323_pso,0.97447,0.0121249,0.0039767,0.00258128,0.0324337,0.0348516,1,1,0,0.444128,0.444128,1,-999
12,gen=63_member=316_pso,0.979323,0.0117468,0.00443572,0.00322829,0.0324337,0.0348516,1,1,1,0.443716,0.443716,1,-999
12,gen=62_member=270_pso,0.67462,0.58844,0.00266318,0.00257463,0.0324337,0.0348516,1,1,0,0.486432,0.486432,1,-999
12,gen=61_member=246_pso,0.564466,1.05729,0.456695,0.146255,0.456695,0.146255,1,1,0,0.388219,0.388219,1,-999
12,gen=62_member=287_pso,0.279646,0.875827,0.00449088,0.00426124,0.0324337,0.0348516,1,1,0,0.472809,0.472809,1,-999
12,gen=58_member=142_pso,0.775849,0.453019,0.00327043,0.00280475,0.0324337,0.0348516,1,1,0,0.467235,0.467235,1,-999
12,gen=57_member=115_pso,0.938877,0.256985,0.0337132,0.0878884,0.0337132,0.0878884,1,1,0,0.454837,0.454837,1,-999
12,gen=57_member=113_pso,0.592714,0.673441,0.00329726,0.00334055,0.0324337,0.0348516,1,0.25,1,0.479808,0.479808,1,-999
12,gen=54_member=50_pso,0.715227,0.539791,0.0028144,0.00269788,0.0324337,0.0348516,1,1,0,0.47791,0.47791,1,-999
12,gen=54_member=48_pso,0.0603117,0.956838,0.00293571,0.00352833,0.0324337,0.0348516,1,1,0,0.461716,0.461716,1,-999
12,gen=54_member=47_pso,0.816334,0.38452,0.00354309,0.00276189,0.0324337,0.0348516,1,1,0,0.457605,0.457605,1,-999
12,gen=54_member=33_pso,0.629599,0.635891,0.0027502,0.00277856,0.0324337,0.0348516,1,1,0,0.485163,0.485163,1,-999
12,gen=53_member=424_pso,0.536256,0.717053,0,0,0.0324337,0.0348516,1,1,0,0.47275,0.47275,1,-999
12,gen=52_member=373_pso,0.13103,0.933284,0,0,0.0324337,0.0348516,1,1,0,0.468265,0.468265,1,-999
12,gen=51_member=367_pso,0.65441,0.609303,0,0,0.0324337,0.0348516,1,1,0,0.485832,0.485832,1,-999
12,gen=51_member=345_pso,0.709838,0.545336,0,0,0.0324337,0.0348516,1,1,0,0.479699,0.479699,1,-999
12,gen=63_member=315_pso,0.173081,0.919103,0.0042984,0.00421291,0.0324337,0.0348516,1,0.25,1,0.466754,0.466754,1,-999
12,gen=63_member=314_pso,0.892807,0.228945,0.00330124,0.00266573,0.0324337,0.0348516,1,0.25,1,0.460118,0.460118,1,-999
12,gen=62_member=265_pso,0.814193,0.391259,0.00340517,0.00269831,0.0324337,0.0348516,1,0.25,1,0.458642,0.458642,1,-999
12,gen=61_member=244_pso,0.222331,0.922221,0.00936077,0.0068613,0.0324337,0.0348516,1,0.25,1,0.462136,0.462136,1,-999
12,gen=61_member=234_pso,0.695007,0.567626,0.00291383,0.0028311,0.0324337,0.0348516,1,0.25,1,0.485832,0.485832,1,-999
12,gen=54_member=46_pso,0.922836,0.154677,0.00377923,0.00299693,0.0324337,0.0348516,1,1,0,0.464767,0.464767,1,-999
12,gen=54_member=36_pso,0.654973,0.616805,0.00314372,0.00290628,0.0324337,0.0348516,1,0.25,1,0.486801,0.486801,1,-999
12,gen=54_member=34_pso,0.304237,0.863529,0.00295783,0.00314175,0.0324337,0.0348516,1,0.25,1,0.466754,0.466754,1,-999
12,gen=60_member=225_pso,0.0146873,0.987004,0.00384701,0.00428528,0.0324337,0.0348516,1,0.25,1,0.450938,0.450938,1,-999
12,gen=54_member=30_pso,0.88686,0.247983,0.00323395,0.00222185,0.0324337,0.0348516,1,0.25,1,0.464322,0.464322,1,-999
12,gen=65_member=355_pso,0.579299,0.684998,0.00348679,0.00355999,0.0324337,0.0348516,1,1,0,0.475767,0.475767,1,-999
12,gen=65_member=356_pso,0.371329,0.827257,0.00313235,0.00323534,0.0324337,0.0348516,1,0.25,1,0.475338,0.475338,1,-999
12,gen=64_member=347_pso,0.915767,0.166169,0.00378483,0.00284667,0.0324337,0.0348516,1,0.25,1,0.461926,0.461926,1,-999
12,gen=52_member=395_pso,0.360033,0.834154,0,0,0.0324337,0.0348516,1,1,0,0.474438,0.474438,1,-999
12,gen=52_member=387_pso,0.451516,0.777215,0,0,0.0324337,0.0348516,1,0.25,1,0.463465,0.463465,1,-999
13,gen=58_member=142_pso,0.775849,0.453019,0.00327043,0.00280475,0.0324337,0.0348516,1,1,0,0.467235,0.467235,1,-999
13,gen=65_member=355_pso,0.579299,0.684998,0.00348679,0.00355999,0.0324337,0.0348516,1,0.444444,1,0.481222,0.481222,1,-999
13,gen=54_member=46_pso,0.922836,0.154677,0.00377923,0.00299693,0.0324337,0.0348516,1,1,0,0.464767,0.464767,1,-999
13,gen=64_member=337_pso,0.00631378,0.986015,0.00435099,0.00423895,0.0324337,0.0348516,1,1,0,0.449375,0.449375,1,-999
13,gen=64_member=328_pso,0.671736,0.591561,0.00292131,0.00271898,0.0324337,0.0348516,1,1,0,0.485163,0.485163,1,-999
13,gen=64_member=323_pso,0.97447,0.0121249,0.0039767,0.00258128,0.0324337,0.0348516,1,1,0,0.448091,0.448091,1,-999
13,gen=63_member=316_pso,0.979323,0.0117468,0.00443572,0.00322829,0.0324337,0.0348516,1,1,1,0.447668,0.447668,1,-999
13,gen=54_member=33_pso,0.629599,0.635891,0.0027502,0.00277856,0.0324337,0.0348516,1,0.444444,1,0.484165,0.484165,1,-999
13,gen=53_member=424_pso,0.536256,0.717053,0,0,0.0324337,0.0348516,1,1,0,0.470864,0.470864,1,-999
13,gen=62_member=287_pso,0.279646,0.875827,0.00449088,0.00426124,0.0324337,0.0348516,1,1,0,0.472809,0.472809,1,-999
13,gen=62_member=272_pso,0.442265,0.783674,0.00286783,0.00302201,0.0324337,0.0348516,1,1,0,0.46107,0.46107,1,-999
13,gen=62_member=270_pso,0.67462,0.58844,0.00266318,0.00257463,0.0324337,0.0348516,1,1,0,0.484644,0.484644,1,-999
13,gen=52_member=395_pso,0.360033,0.834154,0,0,0.0324337,0.0348516,1,1,0,0.454144,0.454144,1,-999
13,gen=61_member=246_pso,0.564466,1.05729,0.456695,0.146255,0.456695,0.146255,1,1,0,0.3863,0.3863,1,-999
13,gen=52_member=373_pso,0.13103,0.933284,0,0,0.0324337,0.0348516,1,1,0,0.468265,0.468265,1,-999
13,gen=51_member=367_pso,0.65441,0.609303,0,0,0.0324337,0.0348516,1,1,0,0.485748,0.485748,1,-999
13,gen=51_member=345_pso,0.709838,0.545336,0,0,0.0324337,0.0348516,1,1,0,0.479699,0.479699,1,-999
13,gen=50_member=332_pso,0.613032,0.65091,0,0,0.0324337,0.0348516,1,1,0,0.485255,0.485255,1,-999
13,gen=57_member=115_pso,0.938877,0.256985,0.0337132,0.0878884,0.0337132,0.0878884,1,1,0,0.453652,0.453652,1,-999
13,gen=54_member=50_pso,0.715227,0.539791,0.0028144,0.00269788,0.0324337,0.0348516,1,1,0,0.47791,0.47791,1,-999
13,gen=54_member=48_pso,0.0603117,0.956838,0.00293571,0.00352833,0.0324337,0.0348516,1,1,0,0.461716,0.461716,1,-999
13,gen=54_member=47_pso,0.816334,0.38452,0.00354309,0.00276189,0.0324337,0.0348516,1,1,0,0.45601,0.45601,1,-999
13,gen=64_member=347_pso,0.915767,0.166169,0.00378483,0.00284667,0.0324337,0.0348516,1,0.444444,1,0.461926,0.461926,1,-999
13,gen=63_member=315_pso,0.173081,0.919103,0.0042984,0.00421291,0.0324337,0.0348516,1,0.111111,2,0.466754,0.466754,1,-999
13,gen=63_member=314_pso,0.892807,0.228945,0.00330124,0.00266573,0.0324337,0.0348516,1,0.444444,1,0.460118,0.460118,1,-999
13,gen=62_member=265_pso,0.814193,0.391259,0.00340517,0.00269831,0.0324337,0.0348516,1,0.444444,1,0.457427,0.457427,1,-999
13,gen=61_member=244_pso,0.222331,0.922221,0.00936077,0.0068613,0,0,2,-999,1,0.462136,0.462136,1,-999
13,gen=61_member=234_pso,0.695007,0.567626,0.00291383,0.0028311,0.0324337,0.0348516,1,0.444444,1,0.484655,0.484655,1,-999
13,gen=60_member=225_pso,0.0146873,0.987004,0.00384701,0.00428528,0.0324337,0.0348516,1,0.444444,1,0.450938,0.450938,1,-999
13,gen=54_member=34_pso,0.304237,0.863529,0.00295783,0.00314175,0.0324337,0.0348516,1,0.444444,1,0.466754,0.466754,1,-999
13,gen=66_member=409_pso,0.972155,0.0760819,0.00388835,0.00346925,0.0324337,0.0348516,1,1,0,0.460356,0.460356,1,-999
13,gen=66_member=404_pso,0.732664,0.516718,0.00309031,0.00279528,0.0324337,0.0348516,1,1,0,0.476984,0.476984,1,-999
13,gen=66_member=400_pso,0.568705,0.692297,0.00269886,0.00282765,0.0324337,0.0348516,1,1,0,0.478303,0.478303,1,-999
13,gen=66_member=394_pso,0.634591,0.62993,0.00277158,0.00292917,0.0324337,0.0348516,1,1,0,0.485344,0.485344,1,-999
13,gen=66_member=383_pso,0.976349,0.153182,0.028244,0.050414,0.0324337,0.050414,1,1,0,0.464917,0.464917,1,-999
13,gen=66_member=381_pso,0.174643,0.913993,0.00444565,0.00426866,0.0324337,0.0348516,1,0.444444,1,1.46749,1.46749,1,-999
13,gen=65_member=356_pso,0.371329,0.827257,0.00313235,0.00323534,0.0324337,0.0348516,1,0.444444,1,0.454874,0.454874,1,-999
13,gen=57_member=113_pso,0.592714,0.673441,0.00329726,0.00334055,0.0324337,0.0348516,1,0.444444,1,0.482743,0.482743,1,-999
14,gen=66_member=409_pso,0.972155,0.0760819,0.00388835,0.00346925,0.0324587,0.0350386,1,1,0,0.477831,0.477831,1,-999
14,gen=66_member=404_pso,0.732664,0.516718,0.00309031,0.00279528,0.0324587,0.0350386,1,1,0,0.47141,0.47141,1,-999
14,gen=66_member=400_pso,0.568705,0.692297,0.00269886,0.00282765,0.0324587,0.0350386,1,1,0,0.478303,0.478303,1,-999
14,gen=66_member=394_pso,0.634591,0.62993,0.00277158,0.00292917,0.0324587,0.0350386,1,1,0,0.481222,0.481222,1,-999
14,gen=66_member=383_pso,0.976349,0.153182,0.028244,0.050414,0.0324587,0.050414,1,0.111111,2,0.473014,0.473014,1,-999
14,gen=54_member=46_pso,0.922836,0.154677,0.00377923,0.00299693,0.0324587,0.0350386,1,0.444444,1,0.480744,0.480744,1,-999
14,gen=53_member=424_pso,0.536256,0.717053,0,0,0.0324587,0.0350386,1,1,0,0.47275,0.47275,1,-999
14,gen=52_member=395_pso,0.360033,0.834154,0,0,0.0324587,0.0350386,1,1,0,0.452165,0.452165,1,-999
14,gen=52_member=373_pso,0.13103,0.933284,0,0,0.0324587,0.0350386,1,1,0,0.444536,0.444536,1,-999
14,gen=64_member=337_pso,0.00631378,0.986015,0.00435099,0.00423895,0.0324587,0.0350386,1,1,0,0.419289,0.419289,1,-999
14,gen=64_member=328_pso,0.671736,0.591561,0.00292131,0.00271898,0.0324587,0.0350386,1,1,0,0.479945,0.479945,1,-999
14,gen=64_member=323_pso,0.97447,0.0121249,0.0039767,0.00258128,0.0324587,0.0350386,1,1,0,0.464917,0.464917,1,-999
14,gen=63_member=316_pso,0.979323,0.0117468,0.00443572,0.00322829,0.0324587,0.0350386,1,0.111111,2,0.464896,0.464896,1,-999
14,gen=51_member=367_pso,0.65441,0.609303,0,0,0.0324587,0.0350386,1,1,0,0.479699,0.479699,1,-999
14,gen=51_member=345_pso,0.709838,0.545336,0,0,0.0324587,0.0350386,1,1,0,0.473196,0.473196,1,-999
14,gen=62_member=287_pso,0.279646,0.875827,0.00449088,0.00426124,0.0324587,0.0350386,1,1,0,0.457263,0.457263,1,-999
14,gen=62_member=272_pso,0.442265,0.783674,0.00286783,0.00302201,0.0324587,0.0350386,1,1,0,0.461881,0.461881,1,-999
14,gen=62_member=270_pso,0.67462,0.58844,0.00266318,0.00257463,0.0324587,0.0350386,1,1,0,0.478973,0.478973,1,-999
14,gen=50_member=332_pso,0.613032,0.65091,0,0,0.0324587,0.0350386,1,1,0,0.485255,0.485255,1,-999
14,gen=61_member=246_pso,0.564466,1.05729,0.456695,0.146255,0.456695,0.146255,1,1,0,0.3863,0.3863,1,-999
14,gen=58_member=142_pso,0.775849,0.453019,0.00327043,0.00280475,0.0324587,0.0350386,1,1,0,0.462305,0.462305,1,-999
14,gen=57_member=115_pso,0.938877,0.256985,0.0337132,0.0878884,0.0337132,0.0878884,1,0.444444,1,0.467899,0.467899,1,-999
14,gen=54_member=50_pso,0.715227,0.539791,0.0028144,0.00269788,0.0324587,0.0350386,1,1,0,0.474867,0.474867,1,-999
14,gen=54_member=48_pso,0.0603117,0.956838,0.00293571,0.00352833,0.0324587,0.0350386,1,0.444444,1,0.430313,0.430313,1,-999
14,gen=54_member=47_pso,0.816334,0.38452,0.00354309,0.00276189,0.0324587,0.0350386,1,0.444444,1,0.458516,0.458516,1,-999
14,gen=66_member=381_pso,0.174643,0.913993,0.00444565,0.00426866,0.0324587,0.0350386,1,0.444444,1,0.454144,0.454144,1,-999
14,gen=65_member=356_pso,0.371329,0.827257,0.00313235,0.00323534,0.0324587,0.0350386,1,0.444444,1,0.451474,0.451474,1,-999
14,gen=65_member=355_pso,0.579299,0.684998,0.00348679,0.00355999,0.0324587,0.0350386,1,0.111111,2,0.481222,0.481222,1,-999
14,gen=64_member=347_pso,0.915767,0.166169,0.00378483,0.00284667,0.0324587,0.0350386,1,0.111111,2,0.480342,0.480342,1,-999
14,gen=63_member=314_pso,0.892807,0.228945,0.00330124,0.00266573,0.0324587,0.0350386,1,0.444444,1,0.474664,0.474664,1,-999
14,gen=67_member=439_pso,0.980073,0.00613635,0.00367857,0.00269715,0.0324587,0.0350386,1,1,0,0.463698,0.463698,1,-999
14,gen=67_member=436_pso,0.936397,0.125551,0.0033492,0.00251015,0.0324587,0.0350386,1,1,0,0.474531,0.474531,1,-999
14,gen=67_member=424_pso,0.840074,0.336907,0.00346014,0.00301148,0.0324587,0.0350386,1,1,0,0.463868,0.463868,1,-999
14,gen=67_member=418_pso,0.0222852,0.970405,0.0033255,0.00402512,0.0324587,0.0350386,1,1,0,0.42297,0.42297,1,-999
14,gen=67_member=417_pso,0.60406,0.659959,0.00266847,0.00280627,0.0324587,0.0350386,1,1,0,0.482736,0.482736,1,-999
14,gen=67_member=412_pso,0.909656,0.2295,0.0040406,0.00392944,0.0324587,0.0350386,1,0.444444,1,0.474531,0.474531,1,-999
14,gen=67_member=411_pso,0.57527,0.68593,0.00237954,0.00276527,0.0324587,0.0350386,1,1,0,0.480404,0.480404,1,-999
14,gen=67_member=440_pso,0.934,0.140537,0.00362534,0.00264266,0.0324587,0.0350386,1,0.444444,1,0.477956,0.477956,1,-999
14,gen=67_member=432_pso,0.439051,0.788363,0.002657,0.00298352,0.0324587,0.0350386,1,0.444444,1,0.460737,0.460737,1,-999
14,gen=67_member=425_pso,0.886724,0.334413,0.00847128,0.017135,0.0324587,0.0350386,1,0.444444,1,0.462305,0.462305,1,-999
15,gen=64_member=337_pso,0.00631378,0.986015,0.00435099,0.00423895,0.0324587,0.0350386,1,1,0,0.435786,0.435786,1,-999
15,gen=67_member=439_pso,0.980073,0.00613635,0.00367857,0.00269715,0.0324587,0.0350386,1,1,0,0.427053,0.427053,1,-999
15,gen=67_member=436_pso,0.936397,0.125551,0.0033492,0.00251015,0.0324587,0.0350386,1,1,0,0.451417,0.451417,1,-999
15,gen=61_member=246_pso,0.564466,1.05729,0.456695,0.146255,0.456695,0.146255,1,1,0,0.389552,0.389552,1,-999
15,gen=58_member=142_pso,0.775849,0.453019,0.00327043,0.00280475,0.0324587,0.0350386,1,1,0,0.468891,0.468891,1,-999
15,gen=67_member=424_pso,0.840074,0.336907,0.00346014,0.00301148,0.0324587,0.0350386,1,1,0,0.465326,0.465326,1,-999
15,gen=67_member=418_pso,0.0222852,0.970405,0.0033255,0.00402512,0.0324587,0.0350386,1,1,0,0.439717,0.439717,1,-999
15,gen=67_member=417_pso,0.60406,0.659959,0.00266847,0.00280627,0.0324587,0.0350386,1,1,0,0.482736,0.482736,1,-999
15,gen=54_member=50_pso,0.715227,0.539791,0.0028144,0.00269788,0.0324587,0.0350386,1,1,0,0.474867,0.474867,1,-999
15,gen=67_member=411_pso,0.57527,0.68593,0.00237954,0.00276527,0.0324587,0.0350386,1,1,0,0.480404,0.480404,1,-999
15,gen=66_member=409_pso,0.972155,0.0760819,0.00388835,0.00346925,0.0324587,0.0350386,1,1,0,0.440049,0.440049,1,-999
15,gen=66_member=404_pso,0.732664,0.516718,0.00309031,0.00279528,0.0324587,0.0350386,1,1,0,0.473981,0.473981,1,-999
15,gen=66_member=400_pso,0.568705,0.692297,0.00269886,0.00282765,0.0324587,0.0350386,1,1,0,0.478303,0.478303,1,-999
15,gen=66_member=394_pso,0.634591,0.62993,0.00277158,0.00292917,0.0324587,0.0350386,1,1,0,0.480404,0.480404,1,-999
15,gen=53_member=424_pso,0.536256,0.717053,0,0,0.0324587,0.0350386,1,1,0,0.47275,0.47275,1,-999
15,gen=52_member=395_pso,0.360033,0.834154,0,0,0.0324587,0.0350386,1,0.444444,1,0.476967,0.476967,1,-999
15,gen=52_member=373_pso,0.13103,0.933284,0,0,0.0324587,0.0350386,1,1,0,0.463079,0.463079,1,-999
15,gen=51_member=367_pso,0.65441,0.609303,0,0,0.0324587,0.0350386,1,1,0,0.479699,0.479699,1,-999
15,gen=51_member=345_pso,0.709838,0.545336,0,0,0.0324587,0.0350386,1,1,0,0.473196,0.473196,1,-999
15,gen=50_member=332_pso,0.613032,0.65091,0,0,0.0324587,0.0350386,1,1,0,0.481904,0.481904,1,-999
15,gen=64_member=328_pso,0.671736,0.591561,0.00292131,0.00271898,0.0324587,0.0350386,1,1,0,0.479945,0.479945,1,-999
15,gen=64_member=323_pso,0.97447,0.0121249,0.0039767,0.00258128,0.0324587,0.0350386,1,1,0,0.428382,0.428382,1,-999
15,gen=62_member=287_pso,0.279646,0.875827,0.00449088,0.00426124,0.0324587,0.0350386,1,0.444444,1,0.463079,0.463079,1,-999
15,gen=62_member=272_pso,0.442265,0.783674,0.00286783,0.00302201,0.0324587,0.0350386,1,0.444444,1,0.47275,0.47275,1,-999
15,gen=62_member=270_pso,0.67462,0.58844,0.00266318,0.00257463,0.0324587,0.0350386,1,1,0,0.478973,0.478973,1,-999
15,gen=67_member=432_pso,0.439051,0.788363,0.002657,0.00298352,0.0324587,0.0350386,1,0.111111,2,0.47156,0.47156,1,-999
15,gen=67_member=425_pso,0.886724,0.334413,0.00847128,0.017135,0.0324587,0.0350386,1,0.444444,1,0.462305,0.462305,1,-999
15,gen=67_member=412_pso,0.909656,0.2295,0.0040406,0.00392944,0.0324587,0.0350386,1,0.444444,1,0.451016,0.451016,1,-999
15,gen=66_member=381_pso,0.174643,0.913993,0.00444565,0.00426866,0.0324587,0.0350386,1,0.444444,1,0.458066,0.458066,1,-999
15,gen=65_member=356_pso,0.371329,0.827257,0.00313235,0.00323534,0.0324587,0.0350386,1,0.111111,2,0.475338,0.475338,1,-999
15,gen=68_member=466_pso,0.0915361,0.965757,0.00558517,0.00470978,0.0324587,0.0350386,1,1,0,0.452795,0.452795,1,-999
15,gen=68_member=457_pso,0.348226,0.840703,0.00310448,0.00360476,0.0324587,0.0350386,1,1,0,0.473938,0.473938,1,-999
15,gen=68_member=454_pso,0.917557,0.209602,0.00360016,0.00333487,0.0324587,0.0350386,1,1,0,0.453408,0.453408,1,-999
15,gen=68_member=445_pso,0.421609,0.798628,0.0028829,0.00334192,0.0324587,0.0350386,1,1,0,0.46712,0.46712,1,-999
15,gen=68_member=444_pso,0.798512,0.416124,0.00316252,0.00262916,0.0324587,0.0350386,1,1,0,0.465312,0.465312,1,-999
15,gen=68_member=468_pso,0.558171,0.702074,0.00259691,0.00245229,0.0324587,0.0350386,1,0.444444,1,0.475038,0.475038,1,-999
15,gen=68_member=463_pso,0.222597,0.903469,0.00454686,0.00348969,0.0324587,0.0350386,1,0.444444,1,0.464245,0.464245,1,-999
15,gen=68_member=455_pso,0.793676,0.425444,0.00323367,0.00287336,0.0324587,0.0350386,1,0.444444,1,0.46758,0.46758,1,-999
16,gen=66_member=404_pso,0.732664,0.516718,0.00309031,0.00279528,0.0324587,0.0350386,1,1,0,0.47795,0.47795,1,-999
16,gen=68_member=466_pso,0.0915361,0.965757,0.00558517,0.00470978,0.0324587,0.0350386,1,1,0,0.466175,0.466175,1,-999
16,gen=54_member=50_pso,0.715227,0.539791,0.0028144,0.00269788,0.0324587,0.0350386,1,1,0,0.483306,0.483306,1,-999
16,gen=68_member=457_pso,0.348226,0.840703,0.00310448,0.00360476,0.0324587,0.0350386,1,1,0,0.449419,0.449419,1,-999
16,gen=53_member=424_pso,0.536256,0.717053,0,0,0.0324587,0.0350386,1,1,0,0.470746,0.470746,1,-999
16,gen=68_member=454_pso,0.917557,0.209602,0.00360016,0.00333487,0.0324587,0.0350386,1,1,0,0.453408,0.453408,1,-999
16,gen=68_member=445_pso,0.421609,0.798628,0.0028829,0.00334192,0.0324587,0.0350386,1,1,0,0.456504,0.456504,1,-999
16,gen=68_member=444_pso,0.798512,0.416124,0.00316252,0.00262916,0.0324587,0.0350386,1,1,0,0.471647,0.471647,1,-999
16,gen=67_member=439_pso,0.980073,0.00613635,0.00367857,0.00269715,0.0324587,0.0350386,1,1,0,0.427053,0.427053,1,-999
16,gen=67_member=436_pso,0.936397,0.125551,0.0033492,0.00251015,0.0324587,0.0350386,1,1,0,0.451417,0.451417,1,-999
16,gen=52_member=373_pso,0.13103,0.933284,0,0,0.0324587,0.0350386,1,1,0,0.468265,0.468265,1,-999
16,gen=51_member=367_pso,0.65441,0.609303,0,0,0.0324587,0.0350386,1,1,0,0.485748,0.485748,1,-999
16,gen=67_member=424_pso,0.840074,0.336907,0.00346014,0.00301148,0.0324587,0.0350386,1,1,0,0.465326,0.465326,1,-999
16,gen=67_member=418_pso,0.0222852,0.970405,0.0033255,0.00402512,0.0324587,0.0350386,1,1,0,0.452242,0.452242,1,-999
16,gen=67_member=417_pso,0.60406,0.659959,0.00266847,0.00280627,0.0324587,0.0350386,1,1,0,0.488302,0.488302,1,-999
16,gen=51_member=345_pso,0.709838,0.545336,0,0,0.0324587,0.0350386,1,1,0,0.481494,0.481494,1,-999
16,gen=67_member=411_pso,0.57527,0.68593,0.00237954,0.00276527,0.0324587,0.0350386,1,1,0,0.482067,0.482067,1,-999
16,gen=66_member=409_pso,0.972155,0.0760819,0.00388835,0.00346925,0.0324587,0.0350386,1,1,0,0.440049,0.440049,1,-999
16,gen=50_member=332_pso,0.613032,0.65091,0,0,0.0324587,0.0350386,1,1,0,0.485748,0.485748,1,-999
16,gen=66_member=400_pso,0.568705,0.692297,0.00269886,0.00282765,0.0324587,0.0350386,1,1,0,0.479952,0.479952,1,-999
16,gen=66_member=394_pso,0.634591,0.62993,0.00277158,0.00292917,0.0324587,0.0350386,1,1,0,0.486996,0.486996,1,-999
16,gen=64_member=337_pso,0.00631378,0.986015,0.00435099,0.00423895,0.0324587,0.0350386,1,1,0,0.448129,0.448129,1,-999
16,gen=64_member=328_pso,0.671736,0.591561,0.00292131,0.00271898,0.0324587,0.0350386,1,1,0,0.485296,0.485296,1,-999
16,gen=64_member=323_pso,0.97447,0.0121249,0.0039767,0.00258128,0.0324587,0.0350386,1,1,0,0.428382,0.428382,1,-999
16,gen=62_member=270_pso,0.67462,0.58844,0.00266318,0.00257463,0.0324587,0.0350386,1,1,0,0.484644,0.484644,1,-999
16,gen=61_member=246_pso,0.564466,1.05729,0.456695,0.146255,0.456695,0.146255,1,1,0,0.384625,0.384625,1,-999
16,gen=58_member=142_pso,0.775849,0.453019,0.00327043,0.00280475,0.0324587,0.0350386,1,1,0,0.474867,0.474867,1,-999
16,gen=68_member=463_pso,0.222597,0.903469,0.00454686,0.00348969,0.0324587,0.0350386,1,0.25,1,0.466175,0.466175,1,-999
16,gen=68_member=455_pso,0.793676,0.425444,0.00323367,0.00287336,0.0324587,0.0350386,1,0.25,1,0.473981,0.473981,1,-999
16,gen=67_member=425_pso,0.886724,0.334413,0.00847128,0.017135,0.0324587,0.0350386,1,0.25,1,0.462305,0.462305,1,-999
16,gen=69_member=497_pso,0.629694,0.635202,0.00281615,0.00296156,0.0324587,0.0350386,1,1,0,0.485296,0.485296,1,-999
16,gen=69_member=484_pso,0.195696,0.908865,0.0118021,0.00891489,0.0324587,0.0350386,1,1,0,0.461387,0.461387,1,-999
16,gen=69_member=477_pso,0.755837,0.483906,0.00336482,0.00287449,0.0324587,0.0350386,1,1,0,0.481494,0.481494,1,-999
16,gen=69_member=471_pso,0.302041,0.874856,0.00743296,0.00620058,0.0324587,0.0350386,1,1,0,0.45851,0.45851,1,-999
17,gen=69_member=497_pso,0.629694,0.635202,0.00281615,0.00296156,0.0324587,0.0350386,1,1,0,0.485296,0.485296,1,-999
17,gen=69_member=484_pso,0.195696,0.908865,0.0118021,0.00891489,0.0324587,0.0350386,1,1,0,0.45358,0.45358,1,-999
17,gen=69_member=477_pso,0.755837,0.483906,0.00336482,0.00287449,0.0324587,0.0350386,1,1,0,0.480746,0.480746,1,-999
17,gen=69_member=471_pso,0.302041,0.874856,0.00743296,0.00620058,0.0324587,0.0350386,1,1,0,0.44857,0.44857,1,-999
17,gen=68_member=466_pso,0.0915361,0.965757,0.00558517,0.00470978,0.0324587,0.0350386,1,1,0,0.437533,0.437533,1,-999
17,gen=51_member=367_pso,0.65441,0.609303,0,0,0.0324587,0.0350386,1,1,0,0.483902,0.483902,1,-999
17,gen=68_member=457_pso,0.348226,0.840703,0.00310448,0.00360476,0.0324587,0.0350386,1,1,0,0.447197,0.447197,1,-999
17,gen=51_member=345_pso,0.709838,0.545336,0,0,0.0324587,0.0350386,1,1,0,0.481494,0.481494,1,-999
17,gen=68_member=454_pso,0.917557,0.209602,0.00360016,0.00333487,0.0324587,0.0350386,1,1,0,0.458267,0.458267,1,-999
17,gen=68_member=445_pso,0.421609,0.798628,0.0028829,0.00334192,0.0324587,0.0350386,1,1,0,0.456504,0.456504,1,-999
17,gen=68_member=444_pso,0.798512,0.416124,0.00316252,0.00262916,0.0324587,0.0350386,1,1,0,0.467921,0.467921,1,-999
17,gen=67_member=439_pso,0.980073,0.00613635,0.00367857,0.00269715,0.0324587,0.0350386,1,1,0,0.43435,0.43435,1,-999
17,gen=67_member=436_pso,0.936397,0.125551,0.0033492,0.00251015,0.0324587,0.0350386,1,0.25,1,0.459737,0.459737,1,-999
17,gen=50_member=332_pso,0.613032,0.65091,0,0,0.0324587,0.0350386,1,0.25,1,0.485748,0.485748,1,-999
17,gen=67_member=424_pso,0.840074,0.336907,0.00346014,0.00301148,0.0324587,0.0350386,1,1,0,0.460952,0.460952,1,-999
17,gen=67_member=418_pso,0.0222852,0.970405,0.0033255,0.00402512,0.0324587,0.0350386,1,1,0,0.425387,0.425387,1,-999
17,gen=67_member=417_pso,0.60406,0.659959,0.00266847,0.00280627,0.0324587,0.0350386,1,0.25,1,0.488302,0.488302,1,-999
17,gen=67_member=411_pso,0.57527,0.68593,0.00237954,0.00276527,0.0324587,0.0350386,1,1,0,0.482067,0.482067,1,-999
17,gen=66_member=409_pso,0.972155,0.0760819,0.00388835,0.00346925,0.0324587,0.0350386,1,0.25,1,0.44748,0.44748,1,-999
17,gen=66_member=404_pso,0.732664,0.516718,0.00309031,0.00279528,0.0324587,0.0350386,1,1,0,0.47795,0.47795,1,-999
17,gen=66_member=400_pso,0.568705,0.692297,0.00269886,0.00282765,0.0324587,0.0350386,1,1,0,0.479952,0.479952,1,-999
17,gen=66_member=394_pso,0.634591,0.62993,0.00277158,0.00292917,0.0324587,0.0350386,1,1,0,0.486996,0.486996,1,-999
17,gen=64_member=337_pso,0.00631378,0.986015,0.00435099,0.00423895,0.0324587,0.0350386,1,1,0,0.421672,0.421672,1,-999
17,gen=64_member=328_pso,0.671736,0.591561,0.00292131,0.00271898,0.0324587,0.0350386,1,1,0,0.483649,0.483649,1,-999
17,gen=64_member=323_pso,0.97447,0.0121249,0.0039767,0.00258128,0.0324587,0.0350386,1,1,0,0.435783,0.435783,1,-999
17,gen=62_member=270_pso,0.67462,0.58844,0.00266318,0.00257463,0.0324587,0.0350386,1,1,0,0.484297,0.484297,1,-999
17,gen=61_member=246_pso,0.564466,1.05729,0.456695,0.146255,0.456695,0.146255,1,1,0,0.384625,0.384625,1,-999
17,gen=58_member=142_pso,0.775849,0.453019,0.00327043,0.00280475,0.0324587,0.0350386,1,1,0,0.474867,0.474867,1,-999
17,gen=54_member=50_pso,0.715227,0.539791,0.0028144,0.00269788,0.0324587,0.0350386,1,0.25,1,0.483306,0.483306,1,-999
17,gen=53_member=424_pso,0.536256,0.717053,0,0,0.0324587,0.0350386,1,1,0,0.475887,0.475887,1,-999
17,gen=70_member=527_pso,0.607241,0.656055,0.00282351,0.00286836,0.0324587,0.0350386,1,1,0,0.487116,0.487116,1,-999
17,gen=70_member=524_pso,0.872799,0.288752,0.00320946,0.00258472,0.0324587,0.0350386,1,1,0,0.456466,0.456466,1,-999
17,gen=70_member=517_pso,0.94812,0.0877322,0.00407838,0.00268104,0.0324587,0.0350386,1,1,0,0.451535,0.451535,1,-999
17,gen=70_member=502_pso,0.722161,0.530012,0.00314924,0.00271565,0.0324587,0.0350386,1,1,0,0.480869,0.480869,1,-999
17,gen=70_member=501_pso,0.453333,0.771796,0.00376562,0.00350961,0.0324587,0.0350386,1,1,0,0.458061,0.458061,1,-999
17,gen=52_member=373_pso,0.13103,0.933284,0,0,0.0324587,0.0350386,1,1,0,0.447197,0.447197,1,-999
17,gen=70_member=518_pso,0.825714,0.366883,0.00317182,0.00253619,0.0324587,0.0350386,1,0.25,1,0.459479,0.459479,1,-999
18,gen=70_member=527_pso,0.607241,0.656055,0.00282351,0.00286836,0.0324587,0.0350386,1,1,0,0.487116,0.487116,1,-999
18,gen=70_member=524_pso,0.872799,0.288752,0.00320946,0.00258472,0.0324587,0.0350386,1,1,0,0.454288,0.454288,1,-999
18,gen=51_member=367_pso,0.65441,0.609303,0,0,0.0324587,0.0350386,1,1,0,0.484203,0.484203,1,-999
18,gen=70_member=517_pso,0.94812,0.0877322,0.00407838,0.00268104,0.0324587,0.0350386,1,1,0,0.451535,0.451535,1,-999
18,gen=70_member=502_pso,0.722161,0.530012,0.00314924,0.00271565,0.0324587,0.0350386,1,1,0,0.480869,0.480869,1,-999
18,gen=70_member=501_pso,0.453333,0.771796,0.00376562,0.00350961,0.0324587,0.0350386,1,1,0,0.467264,0.467264,1,-999
18,gen=69_member=497_pso,0.629694,0.635202,0.00281615,0.00296156,0.0324587,0.0350386,1,1,0,0.485296,0.485296,1,-999
18,gen=69_member=484_pso,0.195696,0.908865,0.0118021,0.00891489,0.0324587,0.0350386,1,1,0,0.45782,0.45782,1,-999
18,gen=69_member=477_pso,0.755837,0.483906,0.00336482,0.00287449,0.0324587,0.0350386,1,1,0,0.480746,0.480746,1,-999
18,gen=69_member=471_pso,0.302041,0.874856,0.00743296,0.00620058,0.0324587,0.0350386,1,1,0,0.45851,0.45851,1,-999
18,gen=68_member=466_pso,0.0915361,0.965757,0.00558517,0.00470978,0.0324587,0.0350386,1,1,0,0.44857,0.44857,1,-999
18,gen=68_member=457_pso,0.348226,0.840703,0.00310448,0.00360476,0.0324587,0.0350386,1,1,0,0.461387,0.461387,1,-999
18,gen=68_member=454_pso,0.917557,0.209602,0.00360016,0.00333487,0.0324587,0.0350386,1,1,0,0.453408,0.453408,1,-999
18,gen=68_member=445_pso,0.421609,0.798628,0.0028829,0.00334192,0.0324587,0.0350386,1,0.25,1,0.466875,0.466875,1,-999
18,gen=68_member=444_pso,0.798512,0.416124,0.00316252,0.00262916,0.0324587,0.0350386,1,1,0,0.467921,0.467921,1,-999
18,gen=67_member=439_pso,0.980073,0.00613635,0.00367857,0.00269715,0.0324587,0.0350386,1,1,0,0.43435,0.43435,1,-999
18,gen=51_member=345_pso,0.709838,0.545336,0,0,0.0324587,0.0350386,1,1,0,0.481494,0.481494,1,-999
18,gen=67_member=424_pso,0.840074,0.336907,0.00346014,0.00301148,0.0324587,0.0350386,1,1,0,0.460952,0.460952,1,-999
18,gen=67_member=418_pso,0.0222852,0.970405,0.0033255,0.00402512,0.0324587,0.0350386,1,1,0,0.435605,0.435605,1,-999
18,gen=67_member=411_pso,0.57527,0.68593,0.00237954,0.00276527,0.0324587,0.0350386,1,1,0,0.482067,0.482067,1,-999
18,gen=66_member=404_pso,0.732664,0.516718,0.00309031,0.00279528,0.0324587,0.0350386,1,1,0,0.47795,0.47795,1,-999
18,gen=66_member=400_pso,0.568705,0.692297,0.00269886,0.00282765,0.0324587,0.0350386,1,1,0,0.479952,0.479952,1,-999
18,gen=66_member=394_pso,0.634591,0.62993,0.00277158,0.00292917,0.0324587,0.0350386,1,1,0,0.486996,0.486996,1,-999
18,gen=64_member=337_pso,0.00631378,0.986015,0.00435099,0.00423895,0.0324587,0.0350386,1,1,0,0.431788,0.431788,1,-999
18,gen=64_member=328_pso,0.671736,0.591561,0.00292131,0.00271898,0.0324587,0.0350386,1,1,0,0.485296,0.485296,1,-999
18,gen=64_member=323_pso,0.97447,0.0121249,0.0039767,0.00258128,0.0324587,0.0350386,1,1,0,0.435783,0.435783,1,-999
18,gen=62_member=270_pso,0.67462,0.58844,0.00266318,0.00257463,0.0324587,0.0350386,1,1,0,0.484297,0.484297,1,-999
18,gen=61_member=246_pso,0.564466,1.05729,0.456695,0.146255,0.456695,0.146255,1,1,0,0.389278,0.389278,1,-999
18,gen=58_member=142_pso,0.775849,0.453019,0.00327043,0.00280475,0.0324587,0.0350386,1,1,0,0.473133,0.473133,1,-999
18,gen=53_member=424_pso,0.536256,0.717053,0,0,0.0324587,0.0350386,1,1,0,0.476305,0.476305,1,-999
18,gen=52_member=373_pso,0.13103,0.933284,0,0,0.0324587,0.0350386,1,1,0,0.45851,0.45851,1,-999
18,gen=71_member=560_pso,0.942629,0.100006,0.00355345,0.00247503,0.0324587,0.0350386,1,0.25,1,0.454288,0.454288,1,-999
18,gen=71_member=555_pso,0.384018,0.820037,0.00269341,0.00325716,0.0324587,0.0350386,1,0.25,1,0.457907,0.457907,1,-999
18,gen=71_member=545_pso,0.608165,0.655166,0.00276343,0.00284071,0.0324587,0.0350386,1,0.25,1,0.486811,0.486811,1,-999
19,gen=68_member=444_pso,0.798512,0.416124,0.00316252,0.00262916,0.0324587,0.0350386,1,0.25,1,0.469679,0.469679,1,-999
19,gen=53_member=424_pso,0.536256,0.717053,0,0,0.0324587,0.0350386,1,1,0,0.470746,0.470746,1,-999
19,gen=52_member=373_pso,0.13103,0.933284,0,0,0.0324587,0.0350386,1,1,0,0.45851,0.45851,1,-999
19,gen=70_member=527_pso,0.607241,0.656055,0.00282351,0.00286836,0.0324587,0.0350386,1,1,0,0.478192,0.478192,1,-999
19,gen=70_member=524_pso,0.872799,0.288752,0.00320946,0.00258472,0.0324587,0.0350386,1,1,0,0.465668,0.465668,1,-999
19,gen=70_member=517_pso,0.94812,0.0877322,0.00407838,0.00268104,0.0324587,0.0350386,1,1,0,0.451535,0.451535,1,-999
19,gen=70_member=502_pso,0.722161,0.530012,0.00314924,0.00271565,0.0324587,0.0350386,1,1,0,0.481852,0.481852,1,-999
19,gen=70_member=501_pso,0.453333,0.771796,0.00376562,0.00350961,0.0324587,0.0350386,1,0.25,1,0.458061,0.458061,1,-999
19,gen=69_member=497_pso,0.629694,0.635202,0.00281615,0.00296156,0.0324587,0.0350386,1,1,0,0.482067,0.482067,1,-999
19,gen=69_member=484_pso,0.195696,0.908865,0.0118021,0.00891489,0.0324587,0.0350386,1,1,0,0.45782,0.45782,1,-999
19,gen=69_member=477_pso,0.755837,0.483906,0.00336482,0.00287449,0.0324587,0.0350386,1,1,0,0.481373,0.481373,1,-999
19,gen=69_member=471_pso,0.302041,0.874856,0.00743296,0.00620058,0.0324587,0.0350386,1,0.25,1,0.458061,0.458061,1,-999
19,gen=68_member=466_pso,0.0915361,0.965757,0.00558517,0.00470978,0.0324587,0.0350386,1,1,0,0.44857,0.44857,1,-999
19,gen=68_member=457_pso,0.348226,0.840703,0.00310448,0.00360476,0.0324587,0.0350386,1,1,0,0.449419,0.449419,1,-999
19,gen=68_member=454_pso,0.917557,0.209602,0.00360016,0.00333487,0.0324587,0.0350386,1,1,0,0.453408,0.453408,1,-999
19,gen=51_member=367_pso,0.65441,0.609303,0,0,0.0324587,0.0350386,1,1,0,0.479813,0.479813,1,-999
19,gen=51_member=345_pso,0.709838,0.545336,0,0,0.0324587,0.0350386,1,1,0,0.485428,0.485428,1,-999
19,gen=67_member=439_pso,0.980073,0.00613635,0.00367857,0.00269715,0.0324587,0.0350386,1,1,0,0.43435,0.43435,1,-999
19,gen=67_member=424_pso,0.840074,0.336907,0.00346014,0.00301148,0.0324587,0.0350386,1,1,0,0.465326,0.465326,1,-999
19,gen=67_member=418_pso,0.0222852,0.970405,0.0033255,0.00402512,0.0324587,0.0350386,1,1,0,0.435605,0.435605,1,-999
19,gen=67_member=411_pso,0.57527,0.68593,0.00237954,0.00276527,0.0324587,0.0350386,1,1,0,0.473884,0.473884,1,-999
19,gen=66_member=404_pso,0.732664,0.516718,0.00309031,0.00279528,0.0324587,0.0350386,1,1,0,0.481473,0.481473,1,-999
19,gen=66_member=400_pso,0.568705,0.692297,0.00269886,0.00282765,0.0324587,0.0350386,1,1,0,0.471839,0.471839,1,-999
19,gen=66_member=394_pso,0.634591,0.62993,0.00277158,0.00292917,0.0324587,0.0350386,1,1,0,0.480404,0.480404,1,-999
19,gen=64_member=337_pso,0.00631378,0.986015,0.00435099,0.00423895,0.0324587,0.0350386,1,1,0,0.431788,0.431788,1,-999
19,gen=64_member=328_pso,0.671736,0.591561,0.00292131,0.00271898,0.0324587,0.0350386,1,1,0,0.485296,0.485296,1,-999
19,gen=64_member=323_pso,0.97447,0.0121249,0.0039767,0.00258128,0.0324587,0.0350386,1,1,0,0.435783,0.435783,1,-999
19,gen=62_member=270_pso,0.67462,0.58844,0.00266318,0.00257463,0.0324587,0.0350386,1,1,0,0.484297,0.484297,1,-999
19,gen=61_member=246_pso,0.564466,1.05729,0.456695,0.146255,0.456695,0.146255,1,1,0,0.3863,0.3863,1,-999
19,gen=58_member=142_pso,0.775849,0.453019,0.00327043,0.00280475,0.0324587,0.0350386,1,1,0,0.477586,0.477586,1,-999
19,gen=72_member=584_pso,0.440511,0.780835,0.0120557,0.00812287,0.0324587,0.0350386,1,1,0,0.461372,0.461372,1,-999
19,gen=72_member=587_pso,0.941269,0.175866,0.00428744,0.0027492,0.0324587,0.0350386,1,1,0,0.459958,0.459958,1,-999
19,gen=72_member=581_pso,0.805644,0.404933,0.00318973,0.00267192,0.0324587,0.0350386,1,1,0,0.468561,0.468561,1,-999
19,gen=72_member=573_pso,0.275359,0.879595,0.0036972,0.00338783,0.0324587,0.0350386,1,1,0,0.453921,0.453921,1,-999
19,gen=72_member=570_pso,0.89978,0.249528,0.00415656,0.00432312,0.0324587,0.0350386,1,0.25,1,0.458358,0.458358,1,-999
19,gen=72_member=567_pso,0.727682,0.524073,0.00313089,0.00291878,0.0324587,0.0350386,1,0.25,1,0.47998,0.47998,1,-999
19,gen=72_member=566_pso,0.710077,0.546317,0.00288761,0.00249601,0.0324587,0.0350386,1,0.25,1,0.485601,0.485601,1,-999
20,gen=72_member=587_pso,0.941269,0.175866,0.00428744,0.0027492,0.0324587,0.0350386,1,1,0,0.469036,0.469036,1,-999
20,gen=72_member=584_pso,0.440511,0.780835,0.0120557,0.00812287,0.0324587,0.0350386,1,1,0,0.456065,0.456065,1,-999
20,gen=72_member=581_pso,0.805644,0.404933,0.00318973,0.00267192,0.0324587,0.0350386,1,1,0,0.468561,0.468561,1,-999
20,gen=72_member=573_pso,0.275359,0.879595,0.0036972,0.00338783,0.0324587,0.0350386,1,1,0,0.452352,0.452352,1,-999
20,gen=58_member=142_pso,0.775849,0.453019,0.00327043,0.00280475,0.0324587,0.0350386,1,1,0,0.473133,0.473133,1,-999
20,gen=53_member=424_pso,0.536256,0.717053,0,0,0.0324587,0.0350386,1,1,0,0.470746,0.470746,1,-999
20,gen=52_member=373_pso,0.13103,0.933284,0,0,0.0324587,0.0350386,1,0.25,1,0.464237,0.464237,1,-999
20,gen=70_member=527_pso,0.607241,0.656055,0.00282351,0.00286836,0.0324587,0.0350386,1,1,0,0.478192,0.478192,1,-999
20,gen=70_member=524_pso,0.872799,0.288752,0.00320946,0.00258472,0.0324587,0.0350386,1,0.25,1,0.468561,0.468561,1,-999
20,gen=70_member=517_pso,0.94812,0.0877322,0.00407838,0.00268104,0.0324587,0.0350386,1,1,0,1.46854,1.46854,1,-999
20,gen=70_member=502_pso,0.722161,0.530012,0.00314924,0.00271565,0.0324587,0.0350386,1,1,0,0.477586,0.477586,1,-999
20,gen=51_member=367_pso,0.65441,0.609303,0,0,0.0324587,0.0350386,1,1,0,0.479699,0.479699,1,-999
20,gen=69_member=497_pso,0.629694,0.635202,0.00281615,0.00296156,0.0324587,0.0350386,1,1,0,0.482067,0.482067,1,-999
20,gen=69_member=484_pso,0.195696,0.908865,0.0118021,0.00891489,0.0324587,0.0350386,1,1,0,0.45782,0.45782,1,-999
20,gen=69_member=477_pso,0.755837,0.483906,0.00336482,0.00287449,0.0324587,0.0350386,1,1,0,0.477699,0.477699,1,-999
20,gen=51_member=345_pso,0.709838,0.545336,0,0,0.0324587,0.0350386,1,1,0,0.479699,0.479699,1,-999
20,gen=68_member=466_pso,0.0915361,0.965757,0.00558517,0.00470978,0.443349,0.421632,2,1,0,0.453921,0.453921,1,-999
20,gen=68_member=457_pso,0.348226,0.840703,0.00310448,0.00360476,0.0324587,0.0350386,1,1,0,0.447197,0.447197,1,-999
20,gen=68_member=454_pso,0.917557,0.209602,0.00360016,0.00333487,0.0324587,0.0350386,1,0.25,1,0.470445,0.470445,1,-999
20,gen=67_member=439_pso,0.980073,0.00613635,0.00367857,0.00269715,0.0324587,0.0350386,1,1,0,0.450058,0.450058,1,-999
20,gen=67_member=424_pso,0.840074,0.336907,0.00346014,0.00301148,0.0324587,0.0350386,1,1,0,0.467855,0.467855,1,-999
20,gen=67_member=418_pso,0.0222852,0.970405,0.0033255,0.00402512,0.0324587,0.0350386,1,1,0,0.440747,0.440747,1,-999
20,gen=67_member=411_pso,0.57527,0.68593,0.00237954,0.00276527,0.0324587,0.0350386,1,1,0,0.475365,0.475365,1,-999
20,gen=66_member=404_pso,0.732664,0.516718,0.00309031,0.00279528,0.0324587,0.0350386,1,1,0,0.477071,0.477071,1,-999
20,gen=66_member=400_pso,0.568705,0.692297,0.00269886,0.00282765,0.0324587,0.0350386,1,1,0,0.477427,0.477427,1,-999
20,gen=66_member=394_pso,0.634591,0.62993,0.00277158,0.00292917,0.0324587,0.0350386,1,1,0,0.480404,0.480404,1,-999
20,gen=64_member=337_pso,0.00631378,0.986015,0.00435099,0.00423895,0.0324587,0.0350386,1,1,0,0.436809,0.436809,1,-999
20,gen=64_member=328_pso,0.671736,0.591561,0.00292131,0.00271898,0.0324587,0.0350386,1,1,0,0.480869,0.480869,1,-999
20,gen=64_member=323_pso,0.97447,0.0121249,0.0039767,0.00258128,0.0324587,0.0350386,1,1,0,0.451605,0.451605,1,-999
20,gen=62_member=270_pso,0.67462,0.58844,0.00266318,0.00257463,0.0324587,0.0350386,1,1,0,0.481852,0.481852,1,-999
20,gen=73_member=620_pso,0.49331,0.749373,0.00266833,0.0027949,0.0324587,0.0350386,1,1,0,0.460524,0.460524,1,-999
20,gen=73_member=607_pso,0.871283,0.286257,0.00415158,0.00359713,0.0324587,0.0350386,1,1,0,0.468247,0.468247,1,-999
20,gen=73_member=602_pso,0.898498,0.212534,0.00333015,0.00253756,0.0324587,0.0350386,1,1,0,0.468536,0.468536,1,-999
20,gen=73_member=600_pso,0.978235,0.122493,0.00686866,0.0141338,0.443349,0.421632,2,1,0,0.471502,0.471502,1,-999
20,gen=61_member=246_pso,0.564466,1.05729,0.456695,0.146255,0.456695,0.146255,1,1,0,0.384625,0.384625,1,-999
20,gen=73_member=619_pso,0.790039,0.439703,0.00562271,0.00595918,0.0324587,0.0350386,1,0.25,1,0.472951,0.472951,1,-999
20,gen=73_member=608_pso,0.0769246,0.950337,0.00355485,0.00407048,0.0324587,0.0350386,1,0.25,1,1.45235,1.45235,1,-999
